2
(19,0)
0
S (0,-1) (0,1) (1,0)
0.2
0.9
1
0.05
0
-1.00|0.00|-1.00|-1.00|0.00|-1.00|-1.00|-1.00|-1.00|0.00|1.00|1.00|1.00,DIREITA,-0.23
-1.00|0.00|-1.00|-1.00|0.00|-1.00|-1.00|-1.00|-1.00|0.00|1.00|1.00|1.00,ESQUERDA,-0.83
-1.00|0.00|-1.00|-1.00|0.00|-1.00|-1.00|-1.00|-1.00|0.00|1.00|1.00|1.00,FRENTE,-0.82
-1.00|0.00|-1.00|-1.00|0.00|-1.00|-1.00|-1.00|-1.00|0.00|1.00|1.00|1.00,MEIA_VOLTA,0.78
-1.00|-1.00|-1.00|-1.00|-1.00|-1.00|-1.00|0.00|-1.00|0.00|8.00|8.00|1.00,DIREITA,-0.80
-1.00|-1.00|-1.00|-1.00|-1.00|-1.00|-1.00|0.00|-1.00|0.00|8.00|8.00|1.00,ESQUERDA,-0.56
-1.00|-1.00|-1.00|-1.00|-1.00|-1.00|-1.00|0.00|-1.00|0.00|8.00|8.00|1.00,FRENTE,-0.42
-1.00|-1.00|-1.00|-1.00|-1.00|-1.00|-1.00|0.00|-1.00|0.00|8.00|8.00|1.00,MEIA_VOLTA,-0.43
-1.00|-1.00|-1.00|-1.00|-1.00|-1.00|-1.00|0.00|-1.00|0.00|8.00|8.00|8.00,DIREITA,-0.87
-1.00|-1.00|-1.00|-1.00|-1.00|-1.00|-1.00|0.00|-1.00|0.00|8.00|8.00|8.00,ESQUERDA,1.89
-1.00|-1.00|-1.00|-1.00|-1.00|-1.00|-1.00|0.00|-1.00|0.00|8.00|8.00|8.00,FRENTE,-0.28
-1.00|-1.00|-1.00|-1.00|-1.00|-1.00|-1.00|0.00|-1.00|0.00|8.00|8.00|8.00,MEIA_VOLTA,-0.35
-1.00|0.00|-1.00|-1.00|-1.00|-1.00|-1.00|-1.00|-1.00|0.00|1.00|1.00|1.00,DIREITA,2.55
-1.00|0.00|-1.00|-1.00|-1.00|-1.00|-1.00|-1.00|-1.00|0.00|1.00|1.00|1.00,ESQUERDA,-0.36
-1.00|0.00|-1.00|-1.00|-1.00|-1.00|-1.00|-1.00|-1.00|0.00|1.00|1.00|1.00,FRENTE,0.06
-1.00|0.00|-1.00|-1.00|-1.00|-1.00|-1.00|-1.00|-1.00|0.00|1.00|1.00|1.00,MEIA_VOLTA,-0.53
-1.00|-1.00|-1.00|-1.00|-1.00|-1.00|-1.00|-1.00|-1.00|0.00|8.00|8.00|1.00,DIREITA,0.73
-1.00|-1.00|-1.00|-1.00|-1.00|-1.00|-1.00|-1.00|-1.00|0.00|8.00|8.00|1.00,ESQUERDA,2.02
-1.00|-1.00|-1.00|-1.00|-1.00|-1.00|-1.00|-1.00|-1.00|0.00|8.00|8.00|1.00,FRENTE,17.48
-1.00|-1.00|-1.00|-1.00|-1.00|-1.00|-1.00|-1.00|-1.00|0.00|8.00|8.00|1.00,MEIA_VOLTA,1.09
-1.00|-1.00|-1.00|-1.00|-1.00|-1.00|-1.00|-1.00|-1.00|0.00|1.00|8.00|8.00,DIREITA,1.07
-1.00|-1.00|-1.00|-1.00|-1.00|-1.00|-1.00|-1.00|-1.00|0.00|1.00|8.00|8.00,ESQUERDA,3.33
-1.00|-1.00|-1.00|-1.00|-1.00|-1.00|-1.00|-1.00|-1.00|0.00|1.00|8.00|8.00,FRENTE,1.02
-1.00|-1.00|-1.00|-1.00|-1.00|-1.00|-1.00|-1.00|-1.00|0.00|1.00|8.00|8.00,MEIA_VOLTA,0.26
-1.00|-1.00|-1.00|-1.00|0.00|-1.00|-1.00|-1.00|-1.00|0.00|1.00|1.00|1.00,DIREITA,-0.46
-1.00|-1.00|-1.00|-1.00|0.00|-1.00|-1.00|-1.00|-1.00|0.00|1.00|1.00|1.00,ESQUERDA,-0.38
-1.00|-1.00|-1.00|-1.00|0.00|-1.00|-1.00|-1.00|-1.00|0.00|1.00|1.00|1.00,FRENTE,-0.87
-1.00|-1.00|-1.00|-1.00|0.00|-1.00|-1.00|-1.00|-1.00|0.00|1.00|1.00|1.00,MEIA_VOLTA,0.52
0.00|0.00|0.00|-1.00|-1.00|-1.00|-1.00|-1.00|-1.00|0.00|8.00|8.00|1.00,DIREITA,0.43
0.00|0.00|0.00|-1.00|-1.00|-1.00|-1.00|-1.00|-1.00|0.00|8.00|8.00|1.00,ESQUERDA,-8.69
0.00|0.00|0.00|-1.00|-1.00|-1.00|-1.00|-1.00|-1.00|0.00|8.00|8.00|1.00,FRENTE,-0.42
0.00|0.00|0.00|-1.00|-1.00|-1.00|-1.00|-1.00|-1.00|0.00|8.00|8.00|1.00,MEIA_VOLTA,-0.43
-1.00|-1.00|-1.00|-1.00|-1.00|-1.00|-1.00|-1.00|-1.00|0.00|1.00|1.00|1.00,DIREITA,1.82
-1.00|-1.00|-1.00|-1.00|-1.00|-1.00|-1.00|-1.00|-1.00|0.00|1.00|1.00|1.00,ESQUERDA,0.42
-1.00|-1.00|-1.00|-1.00|-1.00|-1.00|-1.00|-1.00|-1.00|0.00|1.00|1.00|1.00,FRENTE,1.23
-1.00|-1.00|-1.00|-1.00|-1.00|-1.00|-1.00|-1.00|-1.00|0.00|1.00|1.00|1.00,MEIA_VOLTA,-0.52
-1.00|-1.00|-1.00|-1.00|0.00|-1.00|-1.00|-1.00|-1.00|0.00|1.00|1.00|8.00,DIREITA,-0.29
-1.00|-1.00|-1.00|-1.00|0.00|-1.00|-1.00|-1.00|-1.00|0.00|1.00|1.00|8.00,ESQUERDA,-0.21
-1.00|-1.00|-1.00|-1.00|0.00|-1.00|-1.00|-1.00|-1.00|0.00|1.00|1.00|8.00,FRENTE,-0.68
-1.00|-1.00|-1.00|-1.00|0.00|-1.00|-1.00|-1.00|-1.00|0.00|1.00|1.00|8.00,MEIA_VOLTA,0.65
-1.00|-1.00|-1.00|-1.00|-1.00|-1.00|0.00|0.00|0.00|0.00|1.00|1.00|1.00,DIREITA,-10.26
-1.00|-1.00|-1.00|-1.00|-1.00|-1.00|0.00|0.00|0.00|0.00|1.00|1.00|1.00,ESQUERDA,1.10
-1.00|-1.00|-1.00|-1.00|-1.00|-1.00|0.00|0.00|0.00|0.00|1.00|1.00|1.00,FRENTE,-0.59
-1.00|-1.00|-1.00|-1.00|-1.00|-1.00|0.00|0.00|0.00|0.00|1.00|1.00|1.00,MEIA_VOLTA,-0.43
-1.00|-1.00|-1.00|-1.00|-1.00|-1.00|0.00|0.00|0.00|0.00|1.00|8.00|8.00,DIREITA,-9.76
-1.00|-1.00|-1.00|-1.00|-1.00|-1.00|0.00|0.00|0.00|0.00|1.00|8.00|8.00,ESQUERDA,0.46
-1.00|-1.00|-1.00|-1.00|-1.00|-1.00|0.00|0.00|0.00|0.00|1.00|8.00|8.00,FRENTE,-0.59
-1.00|-1.00|-1.00|-1.00|-1.00|-1.00|0.00|0.00|0.00|0.00|1.00|8.00|8.00,MEIA_VOLTA,-0.55
-1.00|-1.00|-1.00|-1.00|-1.00|-1.00|-1.00|-1.00|-1.00|0.00|8.00|1.00|1.00,DIREITA,3.03
-1.00|-1.00|-1.00|-1.00|-1.00|-1.00|-1.00|-1.00|-1.00|0.00|8.00|1.00|1.00,ESQUERDA,0.50
-1.00|-1.00|-1.00|-1.00|-1.00|-1.00|-1.00|-1.00|-1.00|0.00|8.00|1.00|1.00,FRENTE,2.24
-1.00|-1.00|-1.00|-1.00|-1.00|-1.00|-1.00|-1.00|-1.00|0.00|8.00|1.00|1.00,MEIA_VOLTA,2.58
1.00|0.00|6.00|1.00|0.00|6.00|-1.00|-1.00|-1.00|0.00|8.00|1.00|1.00,DIREITA,-0.02
1.00|0.00|6.00|1.00|0.00|6.00|-1.00|-1.00|-1.00|0.00|8.00|1.00|1.00,ESQUERDA,27.08
1.00|0.00|6.00|1.00|0.00|6.00|-1.00|-1.00|-1.00|0.00|8.00|1.00|1.00,FRENTE,2.23
1.00|0.00|6.00|1.00|0.00|6.00|-1.00|-1.00|-1.00|0.00|8.00|1.00|1.00,MEIA_VOLTA,-0.02
1.00|0.00|6.00|-1.00|-1.00|-1.00|-1.00|-1.00|-1.00|0.00|1.00|8.00|1.00,DIREITA,-0.08
1.00|0.00|6.00|-1.00|-1.00|-1.00|-1.00|-1.00|-1.00|0.00|1.00|8.00|1.00,ESQUERDA,30.33
1.00|0.00|6.00|-1.00|-1.00|-1.00|-1.00|-1.00|-1.00|0.00|1.00|8.00|1.00,FRENTE,0.00
1.00|0.00|6.00|-1.00|-1.00|-1.00|-1.00|-1.00|-1.00|0.00|1.00|8.00|1.00,MEIA_VOLTA,-0.05
-1.00|-1.00|-1.00|-1.00|-1.00|-1.00|-1.00|-1.00|-1.00|0.00|8.00|1.00|8.00,DIREITA,0.84
-1.00|-1.00|-1.00|-1.00|-1.00|-1.00|-1.00|-1.00|-1.00|0.00|8.00|1.00|8.00,ESQUERDA,0.49
-1.00|-1.00|-1.00|-1.00|-1.00|-1.00|-1.00|-1.00|-1.00|0.00|8.00|1.00|8.00,FRENTE,0.93
-1.00|-1.00|-1.00|-1.00|-1.00|-1.00|-1.00|-1.00|-1.00|0.00|8.00|1.00|8.00,MEIA_VOLTA,2.62
-1.00|-1.00|-1.00|-1.00|-1.00|-1.00|-1.00|-1.00|-1.00|0.00|1.00|8.00|1.00,DIREITA,1.22
-1.00|-1.00|-1.00|-1.00|-1.00|-1.00|-1.00|-1.00|-1.00|0.00|1.00|8.00|1.00,ESQUERDA,3.07
-1.00|-1.00|-1.00|-1.00|-1.00|-1.00|-1.00|-1.00|-1.00|0.00|1.00|8.00|1.00,FRENTE,0.82
-1.00|-1.00|-1.00|-1.00|-1.00|-1.00|-1.00|-1.00|-1.00|0.00|1.00|8.00|1.00,MEIA_VOLTA,0.03
-1.00|-1.00|-1.00|-1.00|-1.00|-1.00|-1.00|-1.00|-1.00|0.00|1.00|1.00|8.00,DIREITA,1.43
-1.00|-1.00|-1.00|-1.00|-1.00|-1.00|-1.00|-1.00|-1.00|0.00|1.00|1.00|8.00,ESQUERDA,2.36
-1.00|-1.00|-1.00|-1.00|-1.00|-1.00|-1.00|-1.00|-1.00|0.00|1.00|1.00|8.00,FRENTE,0.63
-1.00|-1.00|-1.00|-1.00|-1.00|-1.00|-1.00|-1.00|-1.00|0.00|1.00|1.00|8.00,MEIA_VOLTA,-0.58
-1.00|-1.00|-1.00|-1.00|-1.00|-1.00|-1.00|-1.00|-1.00|0.00|8.00|8.00|8.00,DIREITA,-0.02
-1.00|-1.00|-1.00|-1.00|-1.00|-1.00|-1.00|-1.00|-1.00|0.00|8.00|8.00|8.00,ESQUERDA,3.75
-1.00|-1.00|-1.00|-1.00|-1.00|-1.00|-1.00|-1.00|-1.00|0.00|8.00|8.00|8.00,FRENTE,1.21
-1.00|-1.00|-1.00|-1.00|-1.00|-1.00|-1.00|-1.00|-1.00|0.00|8.00|8.00|8.00,MEIA_VOLTA,0.61
-1.00|-1.00|-1.00|-1.00|-1.00|-1.00|1.00|0.00|6.00|0.00|8.00|1.00|8.00,DIREITA,-0.04
-1.00|-1.00|-1.00|-1.00|-1.00|-1.00|1.00|0.00|6.00|0.00|8.00|1.00|8.00,ESQUERDA,-0.22
-1.00|-1.00|-1.00|-1.00|-1.00|-1.00|1.00|0.00|6.00|0.00|8.00|1.00|8.00,FRENTE,-0.09
-1.00|-1.00|-1.00|-1.00|-1.00|-1.00|1.00|0.00|6.00|0.00|8.00|1.00|8.00,MEIA_VOLTA,-0.02
-1.00|-1.00|-1.00|-1.00|-1.00|-1.00|-1.00|-1.00|-1.00|0.01|1.00|1.00|8.00,DIREITA,77.81
-1.00|-1.00|-1.00|-1.00|-1.00|-1.00|-1.00|-1.00|-1.00|0.01|1.00|1.00|8.00,ESQUERDA,34.50
-1.00|-1.00|-1.00|-1.00|-1.00|-1.00|-1.00|-1.00|-1.00|0.01|1.00|1.00|8.00,FRENTE,27.57
-1.00|-1.00|-1.00|-1.00|-1.00|-1.00|-1.00|-1.00|-1.00|0.01|1.00|1.00|8.00,MEIA_VOLTA,19.79
-1.00|-1.00|-1.00|-1.00|-1.00|-1.00|1.00|0.00|6.00|0.01|1.00|1.00|8.00,DIREITA,4.52
-1.00|-1.00|-1.00|-1.00|-1.00|-1.00|1.00|0.00|6.00|0.01|1.00|1.00|8.00,ESQUERDA,37.39
-1.00|-1.00|-1.00|-1.00|-1.00|-1.00|1.00|0.00|6.00|0.01|1.00|1.00|8.00,FRENTE,0.66
-1.00|-1.00|-1.00|-1.00|-1.00|-1.00|1.00|0.00|6.00|0.01|1.00|1.00|8.00,MEIA_VOLTA,0.93
1.00|0.00|6.00|-1.00|-1.00|-1.00|-1.00|-1.00|-1.00|0.01|8.00|8.00|1.00,DIREITA,0.00
1.00|0.00|6.00|-1.00|-1.00|-1.00|-1.00|-1.00|-1.00|0.01|8.00|8.00|1.00,ESQUERDA,1.95
1.00|0.00|6.00|-1.00|-1.00|-1.00|-1.00|-1.00|-1.00|0.01|8.00|8.00|1.00,FRENTE,2.24
1.00|0.00|6.00|-1.00|-1.00|-1.00|-1.00|-1.00|-1.00|0.01|8.00|8.00|1.00,MEIA_VOLTA,6.58
-1.00|-1.00|-1.00|-1.00|-1.00|-1.00|-1.00|-1.00|-1.00|0.02|8.00|8.00|1.00,DIREITA,7.93
-1.00|-1.00|-1.00|-1.00|-1.00|-1.00|-1.00|-1.00|-1.00|0.02|8.00|8.00|1.00,ESQUERDA,12.39
-1.00|-1.00|-1.00|-1.00|-1.00|-1.00|-1.00|-1.00|-1.00|0.02|8.00|8.00|1.00,FRENTE,7.55
-1.00|-1.00|-1.00|-1.00|-1.00|-1.00|-1.00|-1.00|-1.00|0.02|8.00|8.00|1.00,MEIA_VOLTA,8.57
-1.00|-1.00|-1.00|-1.00|-1.00|-1.00|-1.00|-1.00|-1.00|0.02|8.00|1.00|8.00,DIREITA,13.20
-1.00|-1.00|-1.00|-1.00|-1.00|-1.00|-1.00|-1.00|-1.00|0.02|8.00|1.00|8.00,ESQUERDA,11.49
-1.00|-1.00|-1.00|-1.00|-1.00|-1.00|-1.00|-1.00|-1.00|0.02|8.00|1.00|8.00,FRENTE,9.74
-1.00|-1.00|-1.00|-1.00|-1.00|-1.00|-1.00|-1.00|-1.00|0.02|8.00|1.00|8.00,MEIA_VOLTA,10.73
-1.00|-1.00|-1.00|-1.00|-1.00|-1.00|-1.00|-1.00|-1.00|0.02|1.00|8.00|1.00,DIREITA,9.92
-1.00|-1.00|-1.00|-1.00|-1.00|-1.00|-1.00|-1.00|-1.00|0.02|1.00|8.00|1.00,ESQUERDA,17.86
-1.00|-1.00|-1.00|-1.00|-1.00|-1.00|-1.00|-1.00|-1.00|0.02|1.00|8.00|1.00,FRENTE,10.25
-1.00|-1.00|-1.00|-1.00|-1.00|-1.00|-1.00|-1.00|-1.00|0.02|1.00|8.00|1.00,MEIA_VOLTA,10.11
-1.00|-1.00|-1.00|-1.00|-1.00|-1.00|-1.00|-1.00|-1.00|0.02|1.00|1.00|8.00,DIREITA,10.90
-1.00|-1.00|-1.00|-1.00|-1.00|-1.00|-1.00|-1.00|-1.00|0.02|1.00|1.00|8.00,ESQUERDA,10.15
-1.00|-1.00|-1.00|-1.00|-1.00|-1.00|-1.00|-1.00|-1.00|0.02|1.00|1.00|8.00,FRENTE,7.52
-1.00|-1.00|-1.00|-1.00|-1.00|-1.00|-1.00|-1.00|-1.00|0.02|1.00|1.00|8.00,MEIA_VOLTA,9.31
-1.00|-1.00|-1.00|-1.00|-1.00|-1.00|-1.00|-1.00|-1.00|0.02|8.00|8.00|8.00,DIREITA,9.95
-1.00|-1.00|-1.00|-1.00|-1.00|-1.00|-1.00|-1.00|-1.00|0.02|8.00|8.00|8.00,ESQUERDA,15.12
-1.00|-1.00|-1.00|-1.00|-1.00|-1.00|-1.00|-1.00|-1.00|0.02|8.00|8.00|8.00,FRENTE,13.35
-1.00|-1.00|-1.00|-1.00|-1.00|-1.00|-1.00|-1.00|-1.00|0.02|8.00|8.00|8.00,MEIA_VOLTA,13.12
-1.00|-1.00|-1.00|-1.00|-1.00|-1.00|-1.00|-1.00|-1.00|0.02|1.00|1.00|1.00,DIREITA,12.00
-1.00|-1.00|-1.00|-1.00|-1.00|-1.00|-1.00|-1.00|-1.00|0.02|1.00|1.00|1.00,ESQUERDA,13.07
-1.00|-1.00|-1.00|-1.00|-1.00|-1.00|-1.00|-1.00|-1.00|0.02|1.00|1.00|1.00,FRENTE,12.86
-1.00|-1.00|-1.00|-1.00|-1.00|-1.00|-1.00|-1.00|-1.00|0.02|1.00|1.00|1.00,MEIA_VOLTA,12.93
-1.00|-1.00|-1.00|-1.00|-1.00|-1.00|-1.00|-1.00|-1.00|0.02|8.00|1.00|1.00,DIREITA,9.88
-1.00|-1.00|-1.00|-1.00|-1.00|-1.00|-1.00|-1.00|-1.00|0.02|8.00|1.00|1.00,ESQUERDA,12.00
-1.00|-1.00|-1.00|-1.00|-1.00|-1.00|-1.00|-1.00|-1.00|0.02|8.00|1.00|1.00,FRENTE,13.97
-1.00|-1.00|-1.00|-1.00|-1.00|-1.00|-1.00|-1.00|-1.00|0.02|8.00|1.00|1.00,MEIA_VOLTA,11.94
-1.00|-1.00|-1.00|-1.00|-1.00|-1.00|-1.00|-1.00|-1.00|0.02|1.00|8.00|8.00,DIREITA,10.15
-1.00|-1.00|-1.00|-1.00|-1.00|-1.00|-1.00|-1.00|-1.00|0.02|1.00|8.00|8.00,ESQUERDA,12.21
-1.00|-1.00|-1.00|-1.00|-1.00|-1.00|-1.00|-1.00|-1.00|0.02|1.00|8.00|8.00,FRENTE,9.76
-1.00|-1.00|-1.00|-1.00|-1.00|-1.00|-1.00|-1.00|-1.00|0.02|1.00|8.00|8.00,MEIA_VOLTA,11.76
-1.00|-1.00|-1.00|1.00|0.00|5.00|-1.00|-1.00|-1.00|0.02|8.00|1.00|1.00,DIREITA,2.22
-1.00|-1.00|-1.00|1.00|0.00|5.00|-1.00|-1.00|-1.00|0.02|8.00|1.00|1.00,ESQUERDA,4.97
-1.00|-1.00|-1.00|1.00|0.00|5.00|-1.00|-1.00|-1.00|0.02|8.00|1.00|1.00,FRENTE,0.07
-1.00|-1.00|-1.00|1.00|0.00|5.00|-1.00|-1.00|-1.00|0.02|8.00|1.00|1.00,MEIA_VOLTA,0.00
1.00|0.00|5.00|-1.00|-1.00|-1.00|1.00|0.00|7.00|0.02|8.00|8.00|1.00,DIREITA,0.00
1.00|0.00|5.00|-1.00|-1.00|-1.00|1.00|0.00|7.00|0.02|8.00|8.00|1.00,ESQUERDA,0.00
1.00|0.00|5.00|-1.00|-1.00|-1.00|1.00|0.00|7.00|0.02|8.00|8.00|1.00,FRENTE,0.00
1.00|0.00|5.00|-1.00|-1.00|-1.00|1.00|0.00|7.00|0.02|8.00|8.00|1.00,MEIA_VOLTA,-0.02
1.00|0.00|7.00|-1.00|-1.00|-1.00|1.00|0.00|5.00|0.02|1.00|1.00|8.00,DIREITA,0.00
1.00|0.00|7.00|-1.00|-1.00|-1.00|1.00|0.00|5.00|0.02|1.00|1.00|8.00,ESQUERDA,-0.02
1.00|0.00|7.00|-1.00|-1.00|-1.00|1.00|0.00|5.00|0.02|1.00|1.00|8.00,FRENTE,0.00
1.00|0.00|7.00|-1.00|-1.00|-1.00|1.00|0.00|5.00|0.02|1.00|1.00|8.00,MEIA_VOLTA,0.00
-1.00|-1.00|-1.00|-1.00|-1.00|-1.00|-1.00|-1.00|-1.00|0.03|8.00|8.00|1.00,DIREITA,2.22
-1.00|-1.00|-1.00|-1.00|-1.00|-1.00|-1.00|-1.00|-1.00|0.03|8.00|8.00|1.00,ESQUERDA,3.43
-1.00|-1.00|-1.00|-1.00|-1.00|-1.00|-1.00|-1.00|-1.00|0.03|8.00|8.00|1.00,FRENTE,2.85
-1.00|-1.00|-1.00|-1.00|-1.00|-1.00|-1.00|-1.00|-1.00|0.03|8.00|8.00|1.00,MEIA_VOLTA,3.25
-1.00|-1.00|-1.00|-1.00|-1.00|-1.00|-1.00|-1.00|-1.00|0.03|1.00|1.00|1.00,DIREITA,4.52
-1.00|-1.00|-1.00|-1.00|-1.00|-1.00|-1.00|-1.00|-1.00|0.03|1.00|1.00|1.00,ESQUERDA,1.64
-1.00|-1.00|-1.00|-1.00|-1.00|-1.00|-1.00|-1.00|-1.00|0.03|1.00|1.00|1.00,FRENTE,3.46
-1.00|-1.00|-1.00|-1.00|-1.00|-1.00|-1.00|-1.00|-1.00|0.03|1.00|1.00|1.00,MEIA_VOLTA,2.15
-1.00|-1.00|-1.00|-1.00|-1.00|-1.00|-1.00|-1.00|-1.00|0.03|1.00|1.00|8.00,DIREITA,3.00
-1.00|-1.00|-1.00|-1.00|-1.00|-1.00|-1.00|-1.00|-1.00|0.03|1.00|1.00|8.00,ESQUERDA,2.88
-1.00|-1.00|-1.00|-1.00|-1.00|-1.00|-1.00|-1.00|-1.00|0.03|1.00|1.00|8.00,FRENTE,2.62
-1.00|-1.00|-1.00|-1.00|-1.00|-1.00|-1.00|-1.00|-1.00|0.03|1.00|1.00|8.00,MEIA_VOLTA,0.78
-1.00|-1.00|-1.00|-1.00|-1.00|-1.00|-1.00|-1.00|-1.00|0.03|1.00|8.00|8.00,DIREITA,2.56
-1.00|-1.00|-1.00|-1.00|-1.00|-1.00|-1.00|-1.00|-1.00|0.03|1.00|8.00|8.00,ESQUERDA,3.36
-1.00|-1.00|-1.00|-1.00|-1.00|-1.00|-1.00|-1.00|-1.00|0.03|1.00|8.00|8.00,FRENTE,3.34
-1.00|-1.00|-1.00|-1.00|-1.00|-1.00|-1.00|-1.00|-1.00|0.03|1.00|8.00|8.00,MEIA_VOLTA,3.35
-1.00|-1.00|-1.00|-1.00|-1.00|-1.00|-1.00|-1.00|-1.00|0.03|1.00|8.00|1.00,DIREITA,1.33
-1.00|-1.00|-1.00|-1.00|-1.00|-1.00|-1.00|-1.00|-1.00|0.03|1.00|8.00|1.00,ESQUERDA,3.70
-1.00|-1.00|-1.00|-1.00|-1.00|-1.00|-1.00|-1.00|-1.00|0.03|1.00|8.00|1.00,FRENTE,2.64
-1.00|-1.00|-1.00|-1.00|-1.00|-1.00|-1.00|-1.00|-1.00|0.03|1.00|8.00|1.00,MEIA_VOLTA,1.85
-1.00|-1.00|-1.00|-1.00|-1.00|-1.00|-1.00|-1.00|-1.00|0.03|8.00|1.00|1.00,DIREITA,3.53
-1.00|-1.00|-1.00|-1.00|-1.00|-1.00|-1.00|-1.00|-1.00|0.03|8.00|1.00|1.00,ESQUERDA,3.12
-1.00|-1.00|-1.00|-1.00|-1.00|-1.00|-1.00|-1.00|-1.00|0.03|8.00|1.00|1.00,FRENTE,2.28
-1.00|-1.00|-1.00|-1.00|-1.00|-1.00|-1.00|-1.00|-1.00|0.03|8.00|1.00|1.00,MEIA_VOLTA,3.41
-1.00|-1.00|-1.00|-1.00|-1.00|-1.00|-1.00|-1.00|-1.00|0.03|8.00|8.00|8.00,DIREITA,1.22
-1.00|-1.00|-1.00|-1.00|-1.00|-1.00|-1.00|-1.00|-1.00|0.03|8.00|8.00|8.00,ESQUERDA,3.46
-1.00|-1.00|-1.00|-1.00|-1.00|-1.00|-1.00|-1.00|-1.00|0.03|8.00|8.00|8.00,FRENTE,2.27
-1.00|-1.00|-1.00|-1.00|-1.00|-1.00|-1.00|-1.00|-1.00|0.03|8.00|8.00|8.00,MEIA_VOLTA,1.79
-1.00|-1.00|-1.00|-1.00|0.00|-1.00|-1.00|-1.00|-1.00|0.03|8.00|8.00|8.00,DIREITA,0.45
-1.00|-1.00|-1.00|-1.00|0.00|-1.00|-1.00|-1.00|-1.00|0.03|8.00|8.00|8.00,ESQUERDA,-0.05
-1.00|-1.00|-1.00|-1.00|0.00|-1.00|-1.00|-1.00|-1.00|0.03|8.00|8.00|8.00,FRENTE,-0.18
-1.00|-1.00|-1.00|-1.00|0.00|-1.00|-1.00|-1.00|-1.00|0.03|8.00|8.00|8.00,MEIA_VOLTA,-0.04
-1.00|-1.00|-1.00|-1.00|-1.00|-1.00|-1.00|0.00|-1.00|0.03|8.00|8.00|8.00,DIREITA,-0.64
-1.00|-1.00|-1.00|-1.00|-1.00|-1.00|-1.00|0.00|-1.00|0.03|8.00|8.00|8.00,ESQUERDA,1.30
-1.00|-1.00|-1.00|-1.00|-1.00|-1.00|-1.00|0.00|-1.00|0.03|8.00|8.00|8.00,FRENTE,-0.22
-1.00|-1.00|-1.00|-1.00|-1.00|-1.00|-1.00|0.00|-1.00|0.03|8.00|8.00|8.00,MEIA_VOLTA,0.14
-1.00|0.00|-1.00|-1.00|-1.00|-1.00|-1.00|-1.00|-1.00|0.03|1.00|1.00|1.00,DIREITA,3.28
-1.00|0.00|-1.00|-1.00|-1.00|-1.00|-1.00|-1.00|-1.00|0.03|1.00|1.00|1.00,ESQUERDA,-0.16
-1.00|0.00|-1.00|-1.00|-1.00|-1.00|-1.00|-1.00|-1.00|0.03|1.00|1.00|1.00,FRENTE,0.53
-1.00|0.00|-1.00|-1.00|-1.00|-1.00|-1.00|-1.00|-1.00|0.03|1.00|1.00|1.00,MEIA_VOLTA,-0.19
-1.00|0.00|-1.00|-1.00|0.00|-1.00|-1.00|-1.00|-1.00|0.03|1.00|1.00|1.00,DIREITA,-0.05
-1.00|0.00|-1.00|-1.00|0.00|-1.00|-1.00|-1.00|-1.00|0.03|1.00|1.00|1.00,ESQUERDA,-0.18
-1.00|0.00|-1.00|-1.00|0.00|-1.00|-1.00|-1.00|-1.00|0.03|1.00|1.00|1.00,FRENTE,-0.10
-1.00|0.00|-1.00|-1.00|0.00|-1.00|-1.00|-1.00|-1.00|0.03|1.00|1.00|1.00,MEIA_VOLTA,-0.02
-1.00|-1.00|-1.00|-1.00|0.00|-1.00|-1.00|-1.00|-1.00|0.03|1.00|1.00|1.00,DIREITA,-0.13
-1.00|-1.00|-1.00|-1.00|0.00|-1.00|-1.00|-1.00|-1.00|0.03|1.00|1.00|1.00,ESQUERDA,-0.04
-1.00|-1.00|-1.00|-1.00|0.00|-1.00|-1.00|-1.00|-1.00|0.03|1.00|1.00|1.00,FRENTE,-0.31
-1.00|-1.00|-1.00|-1.00|0.00|-1.00|-1.00|-1.00|-1.00|0.03|1.00|1.00|1.00,MEIA_VOLTA,-0.08
-1.00|-1.00|-1.00|-1.00|-1.00|-1.00|-1.00|-1.00|-1.00|0.03|8.00|1.00|8.00,DIREITA,3.13
-1.00|-1.00|-1.00|-1.00|-1.00|-1.00|-1.00|-1.00|-1.00|0.03|8.00|1.00|8.00,ESQUERDA,1.83
-1.00|-1.00|-1.00|-1.00|-1.00|-1.00|-1.00|-1.00|-1.00|0.03|8.00|1.00|8.00,FRENTE,1.87
-1.00|-1.00|-1.00|-1.00|-1.00|-1.00|-1.00|-1.00|-1.00|0.03|8.00|1.00|8.00,MEIA_VOLTA,2.21
-1.00|-1.00|-1.00|1.00|0.00|5.00|-1.00|-1.00|-1.00|0.03|8.00|1.00|1.00,DIREITA,1.09
-1.00|-1.00|-1.00|1.00|0.00|5.00|-1.00|-1.00|-1.00|0.03|8.00|1.00|1.00,ESQUERDA,0.00
-1.00|-1.00|-1.00|1.00|0.00|5.00|-1.00|-1.00|-1.00|0.03|8.00|1.00|1.00,FRENTE,0.00
-1.00|-1.00|-1.00|1.00|0.00|5.00|-1.00|-1.00|-1.00|0.03|8.00|1.00|1.00,MEIA_VOLTA,-0.02
-1.00|-1.00|-1.00|1.00|0.00|5.00|-1.00|-1.00|-1.00|0.03|1.00|1.00|1.00,DIREITA,0.00
-1.00|-1.00|-1.00|1.00|0.00|5.00|-1.00|-1.00|-1.00|0.03|1.00|1.00|1.00,ESQUERDA,0.00
-1.00|-1.00|-1.00|1.00|0.00|5.00|-1.00|-1.00|-1.00|0.03|1.00|1.00|1.00,FRENTE,-0.02
-1.00|-1.00|-1.00|1.00|0.00|5.00|-1.00|-1.00|-1.00|0.03|1.00|1.00|1.00,MEIA_VOLTA,0.51
-1.00|-1.00|-1.00|-1.00|-1.00|-1.00|-1.00|-1.00|-1.00|0.04|1.00|8.00|1.00,DIREITA,-0.23
-1.00|-1.00|-1.00|-1.00|-1.00|-1.00|-1.00|-1.00|-1.00|0.04|1.00|8.00|1.00,ESQUERDA,-0.19
-1.00|-1.00|-1.00|-1.00|-1.00|-1.00|-1.00|-1.00|-1.00|0.04|1.00|8.00|1.00,FRENTE,-0.14
-1.00|-1.00|-1.00|-1.00|-1.00|-1.00|-1.00|-1.00|-1.00|0.04|1.00|8.00|1.00,MEIA_VOLTA,-0.20
-1.00|-1.00|-1.00|-1.00|-1.00|-1.00|-1.00|-1.00|-1.00|0.04|8.00|1.00|8.00,DIREITA,-0.28
-1.00|-1.00|-1.00|-1.00|-1.00|-1.00|-1.00|-1.00|-1.00|0.04|8.00|1.00|8.00,ESQUERDA,-0.40
-1.00|-1.00|-1.00|-1.00|-1.00|-1.00|-1.00|-1.00|-1.00|0.04|8.00|1.00|8.00,FRENTE,-0.49
-1.00|-1.00|-1.00|-1.00|-1.00|-1.00|-1.00|-1.00|-1.00|0.04|8.00|1.00|8.00,MEIA_VOLTA,-0.40
-1.00|-1.00|-1.00|-1.00|-1.00|-1.00|-1.00|-1.00|-1.00|0.04|1.00|1.00|8.00,DIREITA,-0.39
-1.00|-1.00|-1.00|-1.00|-1.00|-1.00|-1.00|-1.00|-1.00|0.04|1.00|1.00|8.00,ESQUERDA,-0.44
-1.00|-1.00|-1.00|-1.00|-1.00|-1.00|-1.00|-1.00|-1.00|0.04|1.00|1.00|8.00,FRENTE,-0.38
-1.00|-1.00|-1.00|-1.00|-1.00|-1.00|-1.00|-1.00|-1.00|0.04|1.00|1.00|8.00,MEIA_VOLTA,-0.23
-1.00|-1.00|-1.00|-1.00|0.00|-1.00|-1.00|-1.00|-1.00|0.04|1.00|8.00|1.00,DIREITA,-0.08
-1.00|-1.00|-1.00|-1.00|0.00|-1.00|-1.00|-1.00|-1.00|0.04|1.00|8.00|1.00,ESQUERDA,-0.07
-1.00|-1.00|-1.00|-1.00|0.00|-1.00|-1.00|-1.00|-1.00|0.04|1.00|8.00|1.00,FRENTE,-0.10
-1.00|-1.00|-1.00|-1.00|0.00|-1.00|-1.00|-1.00|-1.00|0.04|1.00|8.00|1.00,MEIA_VOLTA,-0.09
-1.00|-1.00|-1.00|-1.00|-1.00|-1.00|-1.00|0.00|-1.00|0.04|8.00|8.00|1.00,DIREITA,-0.10
-1.00|-1.00|-1.00|-1.00|-1.00|-1.00|-1.00|0.00|-1.00|0.04|8.00|8.00|1.00,ESQUERDA,0.00
-1.00|-1.00|-1.00|-1.00|-1.00|-1.00|-1.00|0.00|-1.00|0.04|8.00|8.00|1.00,FRENTE,-0.05
-1.00|-1.00|-1.00|-1.00|-1.00|-1.00|-1.00|0.00|-1.00|0.04|8.00|8.00|1.00,MEIA_VOLTA,-0.02
-1.00|0.00|-1.00|-1.00|-1.00|-1.00|-1.00|-1.00|-1.00|0.04|1.00|1.00|1.00,DIREITA,-0.31
-1.00|0.00|-1.00|-1.00|-1.00|-1.00|-1.00|-1.00|-1.00|0.04|1.00|1.00|1.00,ESQUERDA,-0.61
-1.00|0.00|-1.00|-1.00|-1.00|-1.00|-1.00|-1.00|-1.00|0.04|1.00|1.00|1.00,FRENTE,-0.31
-1.00|0.00|-1.00|-1.00|-1.00|-1.00|-1.00|-1.00|-1.00|0.04|1.00|1.00|1.00,MEIA_VOLTA,-0.27
-1.00|-1.00|-1.00|-1.00|-1.00|-1.00|-1.00|-1.00|-1.00|0.04|8.00|8.00|1.00,DIREITA,-0.30
-1.00|-1.00|-1.00|-1.00|-1.00|-1.00|-1.00|-1.00|-1.00|0.04|8.00|8.00|1.00,ESQUERDA,-0.19
-1.00|-1.00|-1.00|-1.00|-1.00|-1.00|-1.00|-1.00|-1.00|0.04|8.00|8.00|1.00,FRENTE,-0.22
-1.00|-1.00|-1.00|-1.00|-1.00|-1.00|-1.00|-1.00|-1.00|0.04|8.00|8.00|1.00,MEIA_VOLTA,-0.28
-1.00|-1.00|-1.00|-1.00|0.00|-1.00|-1.00|-1.00|-1.00|0.04|8.00|1.00|1.00,DIREITA,-0.09
-1.00|-1.00|-1.00|-1.00|0.00|-1.00|-1.00|-1.00|-1.00|0.04|8.00|1.00|1.00,ESQUERDA,-0.21
-1.00|-1.00|-1.00|-1.00|0.00|-1.00|-1.00|-1.00|-1.00|0.04|8.00|1.00|1.00,FRENTE,-0.20
-1.00|-1.00|-1.00|-1.00|0.00|-1.00|-1.00|-1.00|-1.00|0.04|8.00|1.00|1.00,MEIA_VOLTA,-0.11
-1.00|-1.00|-1.00|-1.00|-1.00|-1.00|-1.00|-1.00|-1.00|0.04|1.00|8.00|8.00,DIREITA,-0.26
-1.00|-1.00|-1.00|-1.00|-1.00|-1.00|-1.00|-1.00|-1.00|0.04|1.00|8.00|8.00,ESQUERDA,-0.24
-1.00|-1.00|-1.00|-1.00|-1.00|-1.00|-1.00|-1.00|-1.00|0.04|1.00|8.00|8.00,FRENTE,-0.18
-1.00|-1.00|-1.00|-1.00|-1.00|-1.00|-1.00|-1.00|-1.00|0.04|1.00|8.00|8.00,MEIA_VOLTA,-0.25
-1.00|-1.00|-1.00|-1.00|0.00|-1.00|-1.00|-1.00|-1.00|0.04|8.00|8.00|1.00,DIREITA,-0.18
-1.00|-1.00|-1.00|-1.00|0.00|-1.00|-1.00|-1.00|-1.00|0.04|8.00|8.00|1.00,ESQUERDA,-0.19
-1.00|-1.00|-1.00|-1.00|0.00|-1.00|-1.00|-1.00|-1.00|0.04|8.00|8.00|1.00,FRENTE,-0.20
-1.00|-1.00|-1.00|-1.00|0.00|-1.00|-1.00|-1.00|-1.00|0.04|8.00|8.00|1.00,MEIA_VOLTA,-0.19
-1.00|0.00|-1.00|-1.00|0.00|-1.00|-1.00|-1.00|-1.00|0.04|1.00|1.00|1.00,DIREITA,0.00
-1.00|0.00|-1.00|-1.00|0.00|-1.00|-1.00|-1.00|-1.00|0.04|1.00|1.00|1.00,ESQUERDA,0.00
-1.00|0.00|-1.00|-1.00|0.00|-1.00|-1.00|-1.00|-1.00|0.04|1.00|1.00|1.00,FRENTE,0.00
-1.00|0.00|-1.00|-1.00|0.00|-1.00|-1.00|-1.00|-1.00|0.04|1.00|1.00|1.00,MEIA_VOLTA,-0.04
-1.00|-1.00|-1.00|-1.00|-1.00|-1.00|-1.00|0.00|-1.00|0.04|8.00|8.00|8.00,DIREITA,-0.43
-1.00|-1.00|-1.00|-1.00|-1.00|-1.00|-1.00|0.00|-1.00|0.04|8.00|8.00|8.00,ESQUERDA,-0.24
-1.00|-1.00|-1.00|-1.00|-1.00|-1.00|-1.00|0.00|-1.00|0.04|8.00|8.00|8.00,FRENTE,-0.23
-1.00|-1.00|-1.00|-1.00|-1.00|-1.00|-1.00|0.00|-1.00|0.04|8.00|8.00|8.00,MEIA_VOLTA,-0.26
-1.00|-1.00|-1.00|-1.00|0.00|-1.00|-1.00|0.00|-1.00|0.04|8.00|8.00|8.00,DIREITA,-0.10
-1.00|-1.00|-1.00|-1.00|0.00|-1.00|-1.00|0.00|-1.00|0.04|8.00|8.00|8.00,ESQUERDA,0.00
-1.00|-1.00|-1.00|-1.00|0.00|-1.00|-1.00|0.00|-1.00|0.04|8.00|8.00|8.00,FRENTE,-0.24
-1.00|-1.00|-1.00|-1.00|0.00|-1.00|-1.00|0.00|-1.00|0.04|8.00|8.00|8.00,MEIA_VOLTA,-0.06
-1.00|-1.00|-1.00|-1.00|-1.00|-1.00|-1.00|-1.00|-1.00|0.04|1.00|1.00|1.00,DIREITA,-0.46
-1.00|-1.00|-1.00|-1.00|-1.00|-1.00|-1.00|-1.00|-1.00|0.04|1.00|1.00|1.00,ESQUERDA,-0.26
-1.00|-1.00|-1.00|-1.00|-1.00|-1.00|-1.00|-1.00|-1.00|0.04|1.00|1.00|1.00,FRENTE,-0.44
-1.00|-1.00|-1.00|-1.00|-1.00|-1.00|-1.00|-1.00|-1.00|0.04|1.00|1.00|1.00,MEIA_VOLTA,-0.50
-1.00|-1.00|-1.00|-1.00|-1.00|-1.00|-1.00|-1.00|-1.00|0.04|8.00|8.00|8.00,DIREITA,-0.16
-1.00|-1.00|-1.00|-1.00|-1.00|-1.00|-1.00|-1.00|-1.00|0.04|8.00|8.00|8.00,ESQUERDA,-0.19
-1.00|-1.00|-1.00|-1.00|-1.00|-1.00|-1.00|-1.00|-1.00|0.04|8.00|8.00|8.00,FRENTE,-0.16
-1.00|-1.00|-1.00|-1.00|-1.00|-1.00|-1.00|-1.00|-1.00|0.04|8.00|8.00|8.00,MEIA_VOLTA,-0.23
-1.00|-1.00|-1.00|-1.00|0.00|-1.00|-1.00|-1.00|-1.00|0.04|8.00|8.00|8.00,DIREITA,-0.05
-1.00|-1.00|-1.00|-1.00|0.00|-1.00|-1.00|-1.00|-1.00|0.04|8.00|8.00|8.00,ESQUERDA,-0.02
-1.00|-1.00|-1.00|-1.00|0.00|-1.00|-1.00|-1.00|-1.00|0.04|8.00|8.00|8.00,FRENTE,-0.10
-1.00|-1.00|-1.00|-1.00|0.00|-1.00|-1.00|-1.00|-1.00|0.04|8.00|8.00|8.00,MEIA_VOLTA,-0.02
-1.00|-1.00|-1.00|-1.00|-1.00|-1.00|-1.00|-1.00|-1.00|0.04|8.00|1.00|1.00,DIREITA,-0.42
-1.00|-1.00|-1.00|-1.00|-1.00|-1.00|-1.00|-1.00|-1.00|0.04|8.00|1.00|1.00,ESQUERDA,-0.43
-1.00|-1.00|-1.00|-1.00|-1.00|-1.00|-1.00|-1.00|-1.00|0.04|8.00|1.00|1.00,FRENTE,-0.46
-1.00|-1.00|-1.00|-1.00|-1.00|-1.00|-1.00|-1.00|-1.00|0.04|8.00|1.00|1.00,MEIA_VOLTA,-0.27
-1.00|-1.00|-1.00|1.00|0.00|5.00|-1.00|-1.00|-1.00|0.04|1.00|1.00|8.00,DIREITA,0.00
-1.00|-1.00|-1.00|1.00|0.00|5.00|-1.00|-1.00|-1.00|0.04|1.00|1.00|8.00,ESQUERDA,0.00
-1.00|-1.00|-1.00|1.00|0.00|5.00|-1.00|-1.00|-1.00|0.04|1.00|1.00|8.00,FRENTE,-0.02
-1.00|-1.00|-1.00|1.00|0.00|5.00|-1.00|-1.00|-1.00|0.04|1.00|1.00|8.00,MEIA_VOLTA,0.00
-1.00|-1.00|-1.00|-1.00|-1.00|-1.00|-1.00|-1.00|-1.00|0.05|1.00|8.00|8.00,DIREITA,-0.17
-1.00|-1.00|-1.00|-1.00|-1.00|-1.00|-1.00|-1.00|-1.00|0.05|1.00|8.00|8.00,ESQUERDA,-0.17
-1.00|-1.00|-1.00|-1.00|-1.00|-1.00|-1.00|-1.00|-1.00|0.05|1.00|8.00|8.00,FRENTE,-0.18
-1.00|-1.00|-1.00|-1.00|-1.00|-1.00|-1.00|-1.00|-1.00|0.05|1.00|8.00|8.00,MEIA_VOLTA,-0.18
-1.00|-1.00|-1.00|-1.00|-1.00|-1.00|-1.00|-1.00|-1.00|0.05|1.00|1.00|1.00,DIREITA,-0.17
-1.00|-1.00|-1.00|-1.00|-1.00|-1.00|-1.00|-1.00|-1.00|0.05|1.00|1.00|1.00,ESQUERDA,-0.17
-1.00|-1.00|-1.00|-1.00|-1.00|-1.00|-1.00|-1.00|-1.00|0.05|1.00|1.00|1.00,FRENTE,-0.18
-1.00|-1.00|-1.00|-1.00|-1.00|-1.00|-1.00|-1.00|-1.00|0.05|1.00|1.00|1.00,MEIA_VOLTA,-0.20
-1.00|-1.00|-1.00|-1.00|-1.00|-1.00|-1.00|-1.00|-1.00|0.05|8.00|8.00|8.00,DIREITA,-0.14
-1.00|-1.00|-1.00|-1.00|-1.00|-1.00|-1.00|-1.00|-1.00|0.05|8.00|8.00|8.00,ESQUERDA,-0.17
-1.00|-1.00|-1.00|-1.00|-1.00|-1.00|-1.00|-1.00|-1.00|0.05|8.00|8.00|8.00,FRENTE,-0.18
-1.00|-1.00|-1.00|-1.00|-1.00|-1.00|-1.00|-1.00|-1.00|0.05|8.00|8.00|8.00,MEIA_VOLTA,-0.19
-1.00|-1.00|-1.00|-1.00|-1.00|-1.00|-1.00|-1.00|-1.00|0.05|1.00|8.00|1.00,DIREITA,-0.18
-1.00|-1.00|-1.00|-1.00|-1.00|-1.00|-1.00|-1.00|-1.00|0.05|1.00|8.00|1.00,ESQUERDA,-0.20
-1.00|-1.00|-1.00|-1.00|-1.00|-1.00|-1.00|-1.00|-1.00|0.05|1.00|8.00|1.00,FRENTE,-0.22
-1.00|-1.00|-1.00|-1.00|-1.00|-1.00|-1.00|-1.00|-1.00|0.05|1.00|8.00|1.00,MEIA_VOLTA,-0.20
-1.00|-1.00|-1.00|-1.00|-1.00|-1.00|-1.00|-1.00|-1.00|0.05|8.00|1.00|8.00,DIREITA,-0.17
-1.00|-1.00|-1.00|-1.00|-1.00|-1.00|-1.00|-1.00|-1.00|0.05|8.00|1.00|8.00,ESQUERDA,-0.16
-1.00|-1.00|-1.00|-1.00|-1.00|-1.00|-1.00|-1.00|-1.00|0.05|8.00|1.00|8.00,FRENTE,-0.20
-1.00|-1.00|-1.00|-1.00|-1.00|-1.00|-1.00|-1.00|-1.00|0.05|8.00|1.00|8.00,MEIA_VOLTA,-0.21
-1.00|-1.00|-1.00|-1.00|-1.00|-1.00|0.00|1.00|-1.00|0.05|1.00|8.00|1.00,DIREITA,0.00
-1.00|-1.00|-1.00|-1.00|-1.00|-1.00|0.00|1.00|-1.00|0.05|1.00|8.00|1.00,ESQUERDA,0.00
-1.00|-1.00|-1.00|-1.00|-1.00|-1.00|0.00|1.00|-1.00|0.05|1.00|8.00|1.00,FRENTE,-0.05
-1.00|-1.00|-1.00|-1.00|-1.00|-1.00|0.00|1.00|-1.00|0.05|1.00|8.00|1.00,MEIA_VOLTA,0.00
-1.00|-1.00|-1.00|0.00|1.00|-1.00|-1.00|-1.00|-1.00|0.05|8.00|1.00|1.00,DIREITA,0.00
-1.00|-1.00|-1.00|0.00|1.00|-1.00|-1.00|-1.00|-1.00|0.05|8.00|1.00|1.00,ESQUERDA,0.00
-1.00|-1.00|-1.00|0.00|1.00|-1.00|-1.00|-1.00|-1.00|0.05|8.00|1.00|1.00,FRENTE,0.00
-1.00|-1.00|-1.00|0.00|1.00|-1.00|-1.00|-1.00|-1.00|0.05|8.00|1.00|1.00,MEIA_VOLTA,0.00
-1.00|-1.00|-1.00|-1.00|-1.00|-1.00|-1.00|-1.00|-1.00|0.05|8.00|1.00|1.00,DIREITA,-0.19
-1.00|-1.00|-1.00|-1.00|-1.00|-1.00|-1.00|-1.00|-1.00|0.05|8.00|1.00|1.00,ESQUERDA,-0.17
-1.00|-1.00|-1.00|-1.00|-1.00|-1.00|-1.00|-1.00|-1.00|0.05|8.00|1.00|1.00,FRENTE,-0.19
-1.00|-1.00|-1.00|-1.00|-1.00|-1.00|-1.00|-1.00|-1.00|0.05|8.00|1.00|1.00,MEIA_VOLTA,-0.17
-1.00|-1.00|-1.00|-1.00|-1.00|-1.00|-1.00|-1.00|-1.00|0.05|1.00|1.00|8.00,DIREITA,-0.20
-1.00|-1.00|-1.00|-1.00|-1.00|-1.00|-1.00|-1.00|-1.00|0.05|1.00|1.00|8.00,ESQUERDA,-0.20
-1.00|-1.00|-1.00|-1.00|-1.00|-1.00|-1.00|-1.00|-1.00|0.05|1.00|1.00|8.00,FRENTE,-0.16
-1.00|-1.00|-1.00|-1.00|-1.00|-1.00|-1.00|-1.00|-1.00|0.05|1.00|1.00|8.00,MEIA_VOLTA,-0.16
-1.00|-1.00|-1.00|-1.00|-1.00|-1.00|-1.00|-1.00|-1.00|0.05|8.00|8.00|1.00,DIREITA,-0.18
-1.00|-1.00|-1.00|-1.00|-1.00|-1.00|-1.00|-1.00|-1.00|0.05|8.00|8.00|1.00,ESQUERDA,-0.19
-1.00|-1.00|-1.00|-1.00|-1.00|-1.00|-1.00|-1.00|-1.00|0.05|8.00|8.00|1.00,FRENTE,-0.12
-1.00|-1.00|-1.00|-1.00|-1.00|-1.00|-1.00|-1.00|-1.00|0.05|8.00|8.00|1.00,MEIA_VOLTA,-0.20
-1.00|-1.00|-1.00|0.00|1.00|-1.00|-1.00|-1.00|-1.00|0.05|8.00|8.00|1.00,DIREITA,0.00
-1.00|-1.00|-1.00|0.00|1.00|-1.00|-1.00|-1.00|-1.00|0.05|8.00|8.00|1.00,ESQUERDA,0.00
-1.00|-1.00|-1.00|0.00|1.00|-1.00|-1.00|-1.00|-1.00|0.05|8.00|8.00|1.00,FRENTE,-0.02
-1.00|-1.00|-1.00|0.00|1.00|-1.00|-1.00|-1.00|-1.00|0.05|8.00|8.00|1.00,MEIA_VOLTA,0.00
0.00|1.00|-1.00|-1.00|-1.00|-1.00|-1.00|-1.00|-1.00|0.05|8.00|8.00|8.00,DIREITA,0.00
0.00|1.00|-1.00|-1.00|-1.00|-1.00|-1.00|-1.00|-1.00|0.05|8.00|8.00|8.00,ESQUERDA,-0.02
0.00|1.00|-1.00|-1.00|-1.00|-1.00|-1.00|-1.00|-1.00|0.05|8.00|8.00|8.00,FRENTE,0.00
0.00|1.00|-1.00|-1.00|-1.00|-1.00|-1.00|-1.00|-1.00|0.05|8.00|8.00|8.00,MEIA_VOLTA,0.00
0.00|1.00|-1.00|-1.00|-1.00|-1.00|-1.00|-1.00|-1.00|0.05|1.00|8.00|8.00,DIREITA,0.00
0.00|1.00|-1.00|-1.00|-1.00|-1.00|-1.00|-1.00|-1.00|0.05|1.00|8.00|8.00,ESQUERDA,0.00
0.00|1.00|-1.00|-1.00|-1.00|-1.00|-1.00|-1.00|-1.00|0.05|1.00|8.00|8.00,FRENTE,0.00
0.00|1.00|-1.00|-1.00|-1.00|-1.00|-1.00|-1.00|-1.00|0.05|1.00|8.00|8.00,MEIA_VOLTA,-0.02
-1.00|-1.00|-1.00|-1.00|-1.00|-1.00|0.00|1.00|-1.00|0.05|8.00|1.00|1.00,DIREITA,0.00
-1.00|-1.00|-1.00|-1.00|-1.00|-1.00|0.00|1.00|-1.00|0.05|8.00|1.00|1.00,ESQUERDA,-0.02
-1.00|-1.00|-1.00|-1.00|-1.00|-1.00|0.00|1.00|-1.00|0.05|8.00|1.00|1.00,FRENTE,0.00
-1.00|-1.00|-1.00|-1.00|-1.00|-1.00|0.00|1.00|-1.00|0.05|8.00|1.00|1.00,MEIA_VOLTA,0.00
-1.00|-1.00|-1.00|0.00|0.00|0.00|-1.00|-1.00|-1.00|0.05|1.00|8.00|1.00,DIREITA,0.00
-1.00|-1.00|-1.00|0.00|0.00|0.00|-1.00|-1.00|-1.00|0.05|1.00|8.00|1.00,ESQUERDA,0.00
-1.00|-1.00|-1.00|0.00|0.00|0.00|-1.00|-1.00|-1.00|0.05|1.00|8.00|1.00,FRENTE,0.00
-1.00|-1.00|-1.00|0.00|0.00|0.00|-1.00|-1.00|-1.00|0.05|1.00|8.00|1.00,MEIA_VOLTA,0.00
-1.00|-1.00|-1.00|0.00|0.00|0.00|-1.00|-1.00|-1.00|0.05|1.00|8.00|8.00,DIREITA,-0.03
-1.00|-1.00|-1.00|0.00|0.00|0.00|-1.00|-1.00|-1.00|0.05|1.00|8.00|8.00,ESQUERDA,0.00
-1.00|-1.00|-1.00|0.00|0.00|0.00|-1.00|-1.00|-1.00|0.05|1.00|8.00|8.00,FRENTE,184.00
-1.00|-1.00|-1.00|0.00|0.00|0.00|-1.00|-1.00|-1.00|0.05|1.00|8.00|8.00,MEIA_VOLTA,0.00
-1.00|-1.00|-1.00|0.00|0.00|0.00|-1.00|-1.00|-1.00|0.00|1.00|8.00|8.00,DIREITA,-0.17
-1.00|-1.00|-1.00|0.00|0.00|0.00|-1.00|-1.00|-1.00|0.00|1.00|8.00|8.00,ESQUERDA,-0.20
-1.00|-1.00|-1.00|0.00|0.00|0.00|-1.00|-1.00|-1.00|0.00|1.00|8.00|8.00,FRENTE,-10.10
-1.00|-1.00|-1.00|0.00|0.00|0.00|-1.00|-1.00|-1.00|0.00|1.00|8.00|8.00,MEIA_VOLTA,0.54
-1.00|-1.00|-1.00|-1.00|-1.00|-1.00|0.00|0.00|0.00|0.00|1.00|1.00|8.00,DIREITA,-9.94
-1.00|-1.00|-1.00|-1.00|-1.00|-1.00|0.00|0.00|0.00|0.00|1.00|1.00|8.00,ESQUERDA,-0.45
-1.00|-1.00|-1.00|-1.00|-1.00|-1.00|0.00|0.00|0.00|0.00|1.00|1.00|8.00,FRENTE,0.58
-1.00|-1.00|-1.00|-1.00|-1.00|-1.00|0.00|0.00|0.00|0.00|1.00|1.00|8.00,MEIA_VOLTA,-0.47
-1.00|-1.00|-1.00|0.00|0.00|0.00|-1.00|-1.00|-1.00|0.00|1.00|8.00|1.00,DIREITA,0.08
-1.00|-1.00|-1.00|0.00|0.00|0.00|-1.00|-1.00|-1.00|0.00|1.00|8.00|1.00,ESQUERDA,-0.48
-1.00|-1.00|-1.00|0.00|0.00|0.00|-1.00|-1.00|-1.00|0.00|1.00|8.00|1.00,FRENTE,-6.99
-1.00|-1.00|-1.00|0.00|0.00|0.00|-1.00|-1.00|-1.00|0.00|1.00|8.00|1.00,MEIA_VOLTA,-0.49
-1.00|-1.00|-1.00|0.00|0.00|0.00|-1.00|-1.00|-1.00|0.00|1.00|1.00|8.00,DIREITA,0.08
-1.00|-1.00|-1.00|0.00|0.00|0.00|-1.00|-1.00|-1.00|0.00|1.00|1.00|8.00,ESQUERDA,-0.40
-1.00|-1.00|-1.00|0.00|0.00|0.00|-1.00|-1.00|-1.00|0.00|1.00|1.00|8.00,FRENTE,-9.35
-1.00|-1.00|-1.00|0.00|0.00|0.00|-1.00|-1.00|-1.00|0.00|1.00|1.00|8.00,MEIA_VOLTA,-0.48
-1.00|-1.00|-1.00|-1.00|0.00|-1.00|-1.00|-1.00|-1.00|0.00|1.00|8.00|8.00,DIREITA,-0.57
-1.00|-1.00|-1.00|-1.00|0.00|-1.00|-1.00|-1.00|-1.00|0.00|1.00|8.00|8.00,ESQUERDA,-0.45
-1.00|-1.00|-1.00|-1.00|0.00|-1.00|-1.00|-1.00|-1.00|0.00|1.00|8.00|8.00,FRENTE,-0.93
-1.00|-1.00|-1.00|-1.00|0.00|-1.00|-1.00|-1.00|-1.00|0.00|1.00|8.00|8.00,MEIA_VOLTA,-0.49
-1.00|0.00|-1.00|-1.00|-1.00|-1.00|0.00|0.00|0.00|0.00|1.00|1.00|1.00,DIREITA,-10.11
-1.00|0.00|-1.00|-1.00|-1.00|-1.00|0.00|0.00|0.00|0.00|1.00|1.00|1.00,ESQUERDA,-0.88
-1.00|0.00|-1.00|-1.00|-1.00|-1.00|0.00|0.00|0.00|0.00|1.00|1.00|1.00,FRENTE,-0.43
-1.00|0.00|-1.00|-1.00|-1.00|-1.00|0.00|0.00|0.00|0.00|1.00|1.00|1.00,MEIA_VOLTA,-0.54
0.00|0.00|0.00|-1.00|-1.00|-1.00|-1.00|-1.00|-1.00|0.00|8.00|8.00|8.00,DIREITA,-0.53
0.00|0.00|0.00|-1.00|-1.00|-1.00|-1.00|-1.00|-1.00|0.00|8.00|8.00|8.00,ESQUERDA,-10.02
0.00|0.00|0.00|-1.00|-1.00|-1.00|-1.00|-1.00|-1.00|0.00|8.00|8.00|8.00,FRENTE,0.39
0.00|0.00|0.00|-1.00|-1.00|-1.00|-1.00|-1.00|-1.00|0.00|8.00|8.00|8.00,MEIA_VOLTA,-0.39
-1.00|-1.00|-1.00|-1.00|0.00|-1.00|-1.00|-1.00|-1.00|0.00|8.00|8.00|8.00,DIREITA,-0.51
-1.00|-1.00|-1.00|-1.00|0.00|-1.00|-1.00|-1.00|-1.00|0.00|8.00|8.00|8.00,ESQUERDA,-0.46
-1.00|-1.00|-1.00|-1.00|0.00|-1.00|-1.00|-1.00|-1.00|0.00|8.00|8.00|8.00,FRENTE,-0.91
-1.00|-1.00|-1.00|-1.00|0.00|-1.00|-1.00|-1.00|-1.00|0.00|8.00|8.00|8.00,MEIA_VOLTA,-0.25
-1.00|0.00|-1.00|-1.00|-1.00|-1.00|-1.00|-1.00|-1.00|0.00|1.00|1.00|8.00,DIREITA,-0.40
-1.00|0.00|-1.00|-1.00|-1.00|-1.00|-1.00|-1.00|-1.00|0.00|1.00|1.00|8.00,ESQUERDA,-0.54
-1.00|0.00|-1.00|-1.00|-1.00|-1.00|-1.00|-1.00|-1.00|0.00|1.00|1.00|8.00,FRENTE,-0.27
-1.00|0.00|-1.00|-1.00|-1.00|-1.00|-1.00|-1.00|-1.00|0.00|1.00|1.00|8.00,MEIA_VOLTA,-0.38
-1.00|-1.00|-1.00|-1.00|0.00|-1.00|-1.00|-1.00|-1.00|0.00|8.00|1.00|8.00,DIREITA,-0.45
-1.00|-1.00|-1.00|-1.00|0.00|-1.00|-1.00|-1.00|-1.00|0.00|8.00|1.00|8.00,ESQUERDA,-0.12
-1.00|-1.00|-1.00|-1.00|0.00|-1.00|-1.00|-1.00|-1.00|0.00|8.00|1.00|8.00,FRENTE,-0.76
-1.00|-1.00|-1.00|-1.00|0.00|-1.00|-1.00|-1.00|-1.00|0.00|8.00|1.00|8.00,MEIA_VOLTA,-0.45
-1.00|-1.00|-1.00|-1.00|-1.00|-1.00|-1.00|0.00|-1.00|0.00|8.00|1.00|8.00,DIREITA,-0.68
-1.00|-1.00|-1.00|-1.00|-1.00|-1.00|-1.00|0.00|-1.00|0.00|8.00|1.00|8.00,ESQUERDA,0.76
-1.00|-1.00|-1.00|-1.00|-1.00|-1.00|-1.00|0.00|-1.00|0.00|8.00|1.00|8.00,FRENTE,-0.35
-1.00|-1.00|-1.00|-1.00|-1.00|-1.00|-1.00|0.00|-1.00|0.00|8.00|1.00|8.00,MEIA_VOLTA,-0.16
-1.00|-1.00|-1.00|0.00|0.00|0.00|-1.00|-1.00|-1.00|0.00|1.00|1.00|1.00,DIREITA,-0.37
-1.00|-1.00|-1.00|0.00|0.00|0.00|-1.00|-1.00|-1.00|0.00|1.00|1.00|1.00,ESQUERDA,-0.55
-1.00|-1.00|-1.00|0.00|0.00|0.00|-1.00|-1.00|-1.00|0.00|1.00|1.00|1.00,FRENTE,-10.16
-1.00|-1.00|-1.00|0.00|0.00|0.00|-1.00|-1.00|-1.00|0.00|1.00|1.00|1.00,MEIA_VOLTA,0.74
0.00|0.00|0.00|-1.00|-1.00|-1.00|-1.00|-1.00|-1.00|0.00|8.00|1.00|1.00,DIREITA,1.53
0.00|0.00|0.00|-1.00|-1.00|-1.00|-1.00|-1.00|-1.00|0.00|8.00|1.00|1.00,ESQUERDA,-10.27
0.00|0.00|0.00|-1.00|-1.00|-1.00|-1.00|-1.00|-1.00|0.00|8.00|1.00|1.00,FRENTE,0.07
0.00|0.00|0.00|-1.00|-1.00|-1.00|-1.00|-1.00|-1.00|0.00|8.00|1.00|1.00,MEIA_VOLTA,-0.44
0.00|1.00|-1.00|-1.00|-1.00|-1.00|-1.00|-1.00|-1.00|0.00|8.00|1.00|8.00,DIREITA,-0.03
0.00|1.00|-1.00|-1.00|-1.00|-1.00|-1.00|-1.00|-1.00|0.00|8.00|1.00|8.00,ESQUERDA,-0.48
0.00|1.00|-1.00|-1.00|-1.00|-1.00|-1.00|-1.00|-1.00|0.00|8.00|1.00|8.00,FRENTE,-0.05
0.00|1.00|-1.00|-1.00|-1.00|-1.00|-1.00|-1.00|-1.00|0.00|8.00|1.00|8.00,MEIA_VOLTA,0.40
-1.00|-1.00|-1.00|-1.00|-1.00|-1.00|0.00|1.00|-1.00|0.00|8.00|1.00|1.00,DIREITA,1.45
-1.00|-1.00|-1.00|-1.00|-1.00|-1.00|0.00|1.00|-1.00|0.00|8.00|1.00|1.00,ESQUERDA,-0.35
-1.00|-1.00|-1.00|-1.00|-1.00|-1.00|0.00|1.00|-1.00|0.00|8.00|1.00|1.00,FRENTE,-0.30
-1.00|-1.00|-1.00|-1.00|-1.00|-1.00|0.00|1.00|-1.00|0.00|8.00|1.00|1.00,MEIA_VOLTA,-0.24
0.00|1.00|-1.00|-1.00|-1.00|-1.00|-1.00|-1.00|-1.00|0.00|1.00|1.00|8.00,DIREITA,-0.34
0.00|1.00|-1.00|-1.00|-1.00|-1.00|-1.00|-1.00|-1.00|0.00|1.00|1.00|8.00,ESQUERDA,0.99
0.00|1.00|-1.00|-1.00|-1.00|-1.00|-1.00|-1.00|-1.00|0.00|1.00|1.00|8.00,FRENTE,-0.29
0.00|1.00|-1.00|-1.00|-1.00|-1.00|-1.00|-1.00|-1.00|0.00|1.00|1.00|8.00,MEIA_VOLTA,-2.07
-1.00|-1.00|-1.00|-1.00|0.00|-1.00|-1.00|0.00|-1.00|0.00|8.00|8.00|8.00,DIREITA,-0.78
-1.00|-1.00|-1.00|-1.00|0.00|-1.00|-1.00|0.00|-1.00|0.00|8.00|8.00|8.00,ESQUERDA,-0.59
-1.00|-1.00|-1.00|-1.00|0.00|-1.00|-1.00|0.00|-1.00|0.00|8.00|8.00|8.00,FRENTE,-0.86
-1.00|-1.00|-1.00|-1.00|0.00|-1.00|-1.00|0.00|-1.00|0.00|8.00|8.00|8.00,MEIA_VOLTA,-0.36
-1.00|-1.00|-1.00|1.00|0.00|6.00|-1.00|-1.00|-1.00|0.00|1.00|1.00|1.00,DIREITA,-0.27
-1.00|-1.00|-1.00|1.00|0.00|6.00|-1.00|-1.00|-1.00|0.00|1.00|1.00|1.00,ESQUERDA,-0.20
-1.00|-1.00|-1.00|1.00|0.00|6.00|-1.00|-1.00|-1.00|0.00|1.00|1.00|1.00,FRENTE,19.91
-1.00|-1.00|-1.00|1.00|0.00|6.00|-1.00|-1.00|-1.00|0.00|1.00|1.00|1.00,MEIA_VOLTA,-0.26
-1.00|-1.00|-1.00|1.00|0.00|6.00|1.00|0.00|6.00|0.00|8.00|1.00|1.00,DIREITA,14.64
-1.00|-1.00|-1.00|1.00|0.00|6.00|1.00|0.00|6.00|0.00|8.00|1.00|1.00,ESQUERDA,-0.09
-1.00|-1.00|-1.00|1.00|0.00|6.00|1.00|0.00|6.00|0.00|8.00|1.00|1.00,FRENTE,0.00
-1.00|-1.00|-1.00|1.00|0.00|6.00|1.00|0.00|6.00|0.00|8.00|1.00|1.00,MEIA_VOLTA,-0.02
1.00|0.00|6.00|-1.00|-1.00|-1.00|-1.00|-1.00|-1.00|0.00|1.00|8.00|8.00,DIREITA,-0.22
1.00|0.00|6.00|-1.00|-1.00|-1.00|-1.00|-1.00|-1.00|0.00|1.00|8.00|8.00,ESQUERDA,14.94
1.00|0.00|6.00|-1.00|-1.00|-1.00|-1.00|-1.00|-1.00|0.00|1.00|8.00|8.00,FRENTE,0.59
1.00|0.00|6.00|-1.00|-1.00|-1.00|-1.00|-1.00|-1.00|0.00|1.00|8.00|8.00,MEIA_VOLTA,-0.02
-1.00|-1.00|-1.00|-1.00|-1.00|-1.00|-1.00|-1.00|-1.00|0.01|1.00|1.00|1.00,DIREITA,51.83
-1.00|-1.00|-1.00|-1.00|-1.00|-1.00|-1.00|-1.00|-1.00|0.01|1.00|1.00|1.00,ESQUERDA,21.41
-1.00|-1.00|-1.00|-1.00|-1.00|-1.00|-1.00|-1.00|-1.00|0.01|1.00|1.00|1.00,FRENTE,15.51
-1.00|-1.00|-1.00|-1.00|-1.00|-1.00|-1.00|-1.00|-1.00|0.01|1.00|1.00|1.00,MEIA_VOLTA,17.57
-1.00|-1.00|-1.00|-1.00|-1.00|-1.00|-1.00|-1.00|-1.00|0.01|8.00|8.00|8.00,DIREITA,17.33
-1.00|-1.00|-1.00|-1.00|-1.00|-1.00|-1.00|-1.00|-1.00|0.01|8.00|8.00|8.00,ESQUERDA,18.27
-1.00|-1.00|-1.00|-1.00|-1.00|-1.00|-1.00|-1.00|-1.00|0.01|8.00|8.00|8.00,FRENTE,17.63
-1.00|-1.00|-1.00|-1.00|-1.00|-1.00|-1.00|-1.00|-1.00|0.01|8.00|8.00|8.00,MEIA_VOLTA,35.16
-1.00|-1.00|-1.00|-1.00|-1.00|-1.00|-1.00|-1.00|-1.00|0.01|1.00|8.00|8.00,DIREITA,34.41
-1.00|-1.00|-1.00|-1.00|-1.00|-1.00|-1.00|-1.00|-1.00|0.01|1.00|8.00|8.00,ESQUERDA,22.26
-1.00|-1.00|-1.00|-1.00|-1.00|-1.00|-1.00|-1.00|-1.00|0.01|1.00|8.00|8.00,FRENTE,19.88
-1.00|-1.00|-1.00|-1.00|-1.00|-1.00|-1.00|-1.00|-1.00|0.01|1.00|8.00|8.00,MEIA_VOLTA,66.78
-1.00|-1.00|-1.00|-1.00|-1.00|-1.00|-1.00|-1.00|-1.00|0.01|8.00|1.00|1.00,DIREITA,24.46
-1.00|-1.00|-1.00|-1.00|-1.00|-1.00|-1.00|-1.00|-1.00|0.01|8.00|1.00|1.00,ESQUERDA,79.07
-1.00|-1.00|-1.00|-1.00|-1.00|-1.00|-1.00|-1.00|-1.00|0.01|8.00|1.00|1.00,FRENTE,42.18
-1.00|-1.00|-1.00|-1.00|-1.00|-1.00|-1.00|-1.00|-1.00|0.01|8.00|1.00|1.00,MEIA_VOLTA,28.38
-1.00|-1.00|-1.00|-1.00|-1.00|-1.00|-1.00|-1.00|-1.00|0.01|1.00|8.00|1.00,DIREITA,17.35
-1.00|-1.00|-1.00|-1.00|-1.00|-1.00|-1.00|-1.00|-1.00|0.01|1.00|8.00|1.00,ESQUERDA,20.40
-1.00|-1.00|-1.00|-1.00|-1.00|-1.00|-1.00|-1.00|-1.00|0.01|1.00|8.00|1.00,FRENTE,21.95
-1.00|-1.00|-1.00|-1.00|-1.00|-1.00|-1.00|-1.00|-1.00|0.01|1.00|8.00|1.00,MEIA_VOLTA,64.14
-1.00|-1.00|-1.00|1.00|0.00|6.00|-1.00|-1.00|-1.00|0.01|8.00|1.00|1.00,DIREITA,15.04
-1.00|-1.00|-1.00|1.00|0.00|6.00|-1.00|-1.00|-1.00|0.01|8.00|1.00|1.00,ESQUERDA,-0.02
-1.00|-1.00|-1.00|1.00|0.00|6.00|-1.00|-1.00|-1.00|0.01|8.00|1.00|1.00,FRENTE,0.51
-1.00|-1.00|-1.00|1.00|0.00|6.00|-1.00|-1.00|-1.00|0.01|8.00|1.00|1.00,MEIA_VOLTA,0.58
-1.00|-1.00|-1.00|-1.00|-1.00|-1.00|-1.00|-1.00|-1.00|0.01|8.00|8.00|1.00,DIREITA,18.20
-1.00|-1.00|-1.00|-1.00|-1.00|-1.00|-1.00|-1.00|-1.00|0.01|8.00|8.00|1.00,ESQUERDA,40.68
-1.00|-1.00|-1.00|-1.00|-1.00|-1.00|-1.00|-1.00|-1.00|0.01|8.00|8.00|1.00,FRENTE,12.35
-1.00|-1.00|-1.00|-1.00|-1.00|-1.00|-1.00|-1.00|-1.00|0.01|8.00|8.00|1.00,MEIA_VOLTA,47.47
-1.00|-1.00|-1.00|-1.00|-1.00|-1.00|1.00|0.00|6.00|0.01|1.00|1.00|1.00,DIREITA,3.54
-1.00|-1.00|-1.00|-1.00|-1.00|-1.00|1.00|0.00|6.00|0.01|1.00|1.00|1.00,ESQUERDA,9.72
-1.00|-1.00|-1.00|-1.00|-1.00|-1.00|1.00|0.00|6.00|0.01|1.00|1.00|1.00,FRENTE,0.00
-1.00|-1.00|-1.00|-1.00|-1.00|-1.00|1.00|0.00|6.00|0.01|1.00|1.00|1.00,MEIA_VOLTA,-0.02
-1.00|-1.00|-1.00|0.00|0.00|0.00|-1.00|-1.00|-1.00|0.02|1.00|1.00|1.00,DIREITA,1.90
-1.00|-1.00|-1.00|0.00|0.00|0.00|-1.00|-1.00|-1.00|0.02|1.00|1.00|1.00,ESQUERDA,-0.11
-1.00|-1.00|-1.00|0.00|0.00|0.00|-1.00|-1.00|-1.00|0.02|1.00|1.00|1.00,FRENTE,206.07
-1.00|-1.00|-1.00|0.00|0.00|0.00|-1.00|-1.00|-1.00|0.02|1.00|1.00|1.00,MEIA_VOLTA,1.22
-1.00|-1.00|-1.00|-1.00|0.00|-1.00|-1.00|-1.00|-1.00|0.02|1.00|1.00|1.00,DIREITA,21.73
-1.00|-1.00|-1.00|-1.00|0.00|-1.00|-1.00|-1.00|-1.00|0.02|1.00|1.00|1.00,ESQUERDA,3.46
-1.00|-1.00|-1.00|-1.00|0.00|-1.00|-1.00|-1.00|-1.00|0.02|1.00|1.00|1.00,FRENTE,19.71
-1.00|-1.00|-1.00|-1.00|0.00|-1.00|-1.00|-1.00|-1.00|0.02|1.00|1.00|1.00,MEIA_VOLTA,4.43
-1.00|0.00|-1.00|-1.00|-1.00|-1.00|-1.00|-1.00|-1.00|0.02|1.00|1.00|1.00,DIREITA,13.16
-1.00|0.00|-1.00|-1.00|-1.00|-1.00|-1.00|-1.00|-1.00|0.02|1.00|1.00|1.00,ESQUERDA,44.90
-1.00|0.00|-1.00|-1.00|-1.00|-1.00|-1.00|-1.00|-1.00|0.02|1.00|1.00|1.00,FRENTE,44.79
-1.00|0.00|-1.00|-1.00|-1.00|-1.00|-1.00|-1.00|-1.00|0.02|1.00|1.00|1.00,MEIA_VOLTA,19.77
-1.00|0.00|-1.00|-1.00|-1.00|-1.00|0.00|0.00|0.00|0.02|1.00|1.00|1.00,DIREITA,282.64
-1.00|0.00|-1.00|-1.00|-1.00|-1.00|0.00|0.00|0.00|0.02|1.00|1.00|1.00,ESQUERDA,38.18
-1.00|0.00|-1.00|-1.00|-1.00|-1.00|0.00|0.00|0.00|0.02|1.00|1.00|1.00,FRENTE,-0.05
-1.00|0.00|-1.00|-1.00|-1.00|-1.00|0.00|0.00|0.00|0.02|1.00|1.00|1.00,MEIA_VOLTA,-0.02
-1.00|-1.00|-1.00|-1.00|0.00|-1.00|-1.00|-1.00|-1.00|0.00|1.00|8.00|1.00,DIREITA,-0.43
-1.00|-1.00|-1.00|-1.00|0.00|-1.00|-1.00|-1.00|-1.00|0.00|1.00|8.00|1.00,ESQUERDA,-0.18
-1.00|-1.00|-1.00|-1.00|0.00|-1.00|-1.00|-1.00|-1.00|0.00|1.00|8.00|1.00,FRENTE,-0.71
-1.00|-1.00|-1.00|-1.00|0.00|-1.00|-1.00|-1.00|-1.00|0.00|1.00|8.00|1.00,MEIA_VOLTA,1.33
0.00|1.00|-1.00|-1.00|-1.00|-1.00|-1.00|-1.00|-1.00|0.00|1.00|8.00|8.00,DIREITA,-0.17
0.00|1.00|-1.00|-1.00|-1.00|-1.00|-1.00|-1.00|-1.00|0.00|1.00|8.00|8.00,ESQUERDA,-0.31
0.00|1.00|-1.00|-1.00|-1.00|-1.00|-1.00|-1.00|-1.00|0.00|1.00|8.00|8.00,FRENTE,-0.19
0.00|1.00|-1.00|-1.00|-1.00|-1.00|-1.00|-1.00|-1.00|0.00|1.00|8.00|8.00,MEIA_VOLTA,0.55
-1.00|-1.00|-1.00|-1.00|-1.00|-1.00|0.00|1.00|-1.00|0.00|8.00|8.00|1.00,DIREITA,-0.23
-1.00|-1.00|-1.00|-1.00|-1.00|-1.00|0.00|1.00|-1.00|0.00|8.00|8.00|1.00,ESQUERDA,-0.19
-1.00|-1.00|-1.00|-1.00|-1.00|-1.00|0.00|1.00|-1.00|0.00|8.00|8.00|1.00,FRENTE,-0.15
-1.00|-1.00|-1.00|-1.00|-1.00|-1.00|0.00|1.00|-1.00|0.00|8.00|8.00|1.00,MEIA_VOLTA,-0.12
-1.00|-1.00|-1.00|-1.00|-1.00|-1.00|0.00|1.00|-1.00|0.00|1.00|8.00|1.00,DIREITA,-0.09
-1.00|-1.00|-1.00|-1.00|-1.00|-1.00|0.00|1.00|-1.00|0.00|1.00|8.00|1.00,ESQUERDA,3.55
-1.00|-1.00|-1.00|-1.00|-1.00|-1.00|0.00|1.00|-1.00|0.00|1.00|8.00|1.00,FRENTE,-0.36
-1.00|-1.00|-1.00|-1.00|-1.00|-1.00|0.00|1.00|-1.00|0.00|1.00|8.00|1.00,MEIA_VOLTA,-0.09
-1.00|-1.00|-1.00|0.00|1.00|-1.00|-1.00|-1.00|-1.00|0.00|8.00|1.00|1.00,DIREITA,-0.13
-1.00|-1.00|-1.00|0.00|1.00|-1.00|-1.00|-1.00|-1.00|0.00|8.00|1.00|1.00,ESQUERDA,0.66
-1.00|-1.00|-1.00|0.00|1.00|-1.00|-1.00|-1.00|-1.00|0.00|8.00|1.00|1.00,FRENTE,0.16
-1.00|-1.00|-1.00|0.00|1.00|-1.00|-1.00|-1.00|-1.00|0.00|8.00|1.00|1.00,MEIA_VOLTA,-0.15
-1.00|0.00|-1.00|-1.00|-1.00|-1.00|0.00|1.00|-1.00|0.00|1.00|1.00|1.00,DIREITA,-0.13
-1.00|0.00|-1.00|-1.00|-1.00|-1.00|0.00|1.00|-1.00|0.00|1.00|1.00|1.00,ESQUERDA,-0.10
-1.00|0.00|-1.00|-1.00|-1.00|-1.00|0.00|1.00|-1.00|0.00|1.00|1.00|1.00,FRENTE,0.00
-1.00|0.00|-1.00|-1.00|-1.00|-1.00|0.00|1.00|-1.00|0.00|1.00|1.00|1.00,MEIA_VOLTA,0.00
-1.00|-1.00|-1.00|0.00|1.00|-1.00|-1.00|-1.00|-1.00|0.00|1.00|1.00|1.00,DIREITA,-0.29
-1.00|-1.00|-1.00|0.00|1.00|-1.00|-1.00|-1.00|-1.00|0.00|1.00|1.00|1.00,ESQUERDA,-0.08
-1.00|-1.00|-1.00|0.00|1.00|-1.00|-1.00|-1.00|-1.00|0.00|1.00|1.00|1.00,FRENTE,0.77
-1.00|-1.00|-1.00|0.00|1.00|-1.00|-1.00|-1.00|-1.00|0.00|1.00|1.00|1.00,MEIA_VOLTA,-0.03
-1.00|-1.00|-1.00|-1.00|-1.00|-1.00|1.00|0.00|5.00|0.00|1.00|1.00|8.00,DIREITA,7.54
-1.00|-1.00|-1.00|-1.00|-1.00|-1.00|1.00|0.00|5.00|0.00|1.00|1.00|8.00,ESQUERDA,0.00
-1.00|-1.00|-1.00|-1.00|-1.00|-1.00|1.00|0.00|5.00|0.00|1.00|1.00|8.00,FRENTE,-0.05
-1.00|-1.00|-1.00|-1.00|-1.00|-1.00|1.00|0.00|5.00|0.00|1.00|1.00|8.00,MEIA_VOLTA,0.14
-1.00|-1.00|-1.00|-1.00|-1.00|-1.00|1.00|0.00|5.00|0.00|8.00|1.00|1.00,DIREITA,25.38
-1.00|-1.00|-1.00|-1.00|-1.00|-1.00|1.00|0.00|5.00|0.00|8.00|1.00|1.00,ESQUERDA,-0.26
-1.00|-1.00|-1.00|-1.00|-1.00|-1.00|1.00|0.00|5.00|0.00|8.00|1.00|1.00,FRENTE,-0.11
-1.00|-1.00|-1.00|-1.00|-1.00|-1.00|1.00|0.00|5.00|0.00|8.00|1.00|1.00,MEIA_VOLTA,-0.04
-1.00|-1.00|-1.00|-1.00|-1.00|-1.00|1.00|0.00|5.00|0.00|1.00|1.00|1.00,DIREITA,19.18
-1.00|-1.00|-1.00|-1.00|-1.00|-1.00|1.00|0.00|5.00|0.00|1.00|1.00|1.00,ESQUERDA,-0.15
-1.00|-1.00|-1.00|-1.00|-1.00|-1.00|1.00|0.00|5.00|0.00|1.00|1.00|1.00,FRENTE,-0.07
-1.00|-1.00|-1.00|-1.00|-1.00|-1.00|1.00|0.00|5.00|0.00|1.00|1.00|1.00,MEIA_VOLTA,0.10
-1.00|-1.00|-1.00|-1.00|0.00|-1.00|-1.00|-1.00|-1.00|0.00|8.00|1.00|1.00,DIREITA,-0.51
-1.00|-1.00|-1.00|-1.00|0.00|-1.00|-1.00|-1.00|-1.00|0.00|8.00|1.00|1.00,ESQUERDA,-0.27
-1.00|-1.00|-1.00|-1.00|0.00|-1.00|-1.00|-1.00|-1.00|0.00|8.00|1.00|1.00,FRENTE,-0.70
-1.00|-1.00|-1.00|-1.00|0.00|-1.00|-1.00|-1.00|-1.00|0.00|8.00|1.00|1.00,MEIA_VOLTA,0.85
-1.00|-1.00|-1.00|1.00|0.00|5.00|-1.00|-1.00|-1.00|0.00|1.00|1.00|8.00,DIREITA,0.22
-1.00|-1.00|-1.00|1.00|0.00|5.00|-1.00|-1.00|-1.00|0.00|1.00|1.00|8.00,ESQUERDA,-0.16
-1.00|-1.00|-1.00|1.00|0.00|5.00|-1.00|-1.00|-1.00|0.00|1.00|1.00|8.00,FRENTE,17.01
-1.00|-1.00|-1.00|1.00|0.00|5.00|-1.00|-1.00|-1.00|0.00|1.00|1.00|8.00,MEIA_VOLTA,-0.05
1.00|0.00|5.00|-1.00|-1.00|-1.00|-1.00|-1.00|-1.00|0.00|1.00|8.00|8.00,DIREITA,-0.21
1.00|0.00|5.00|-1.00|-1.00|-1.00|-1.00|-1.00|-1.00|0.00|1.00|8.00|8.00,ESQUERDA,6.45
1.00|0.00|5.00|-1.00|-1.00|-1.00|-1.00|-1.00|-1.00|0.00|1.00|8.00|8.00,FRENTE,-0.22
1.00|0.00|5.00|-1.00|-1.00|-1.00|-1.00|-1.00|-1.00|0.00|1.00|8.00|8.00,MEIA_VOLTA,0.88
0.00|0.00|0.00|-1.00|-1.00|-1.00|-1.00|0.00|-1.00|0.00|8.00|8.00|8.00,DIREITA,-0.91
0.00|0.00|0.00|-1.00|-1.00|-1.00|-1.00|0.00|-1.00|0.00|8.00|8.00|8.00,ESQUERDA,-10.25
0.00|0.00|0.00|-1.00|-1.00|-1.00|-1.00|0.00|-1.00|0.00|8.00|8.00|8.00,FRENTE,-0.49
0.00|0.00|0.00|-1.00|-1.00|-1.00|-1.00|0.00|-1.00|0.00|8.00|8.00|8.00,MEIA_VOLTA,-0.55
-1.00|-1.00|-1.00|1.00|0.00|5.00|-1.00|-1.00|-1.00|0.00|8.00|1.00|1.00,DIREITA,-0.14
-1.00|-1.00|-1.00|1.00|0.00|5.00|-1.00|-1.00|-1.00|0.00|8.00|1.00|1.00,ESQUERDA,-0.09
-1.00|-1.00|-1.00|1.00|0.00|5.00|-1.00|-1.00|-1.00|0.00|8.00|1.00|1.00,FRENTE,38.18
-1.00|-1.00|-1.00|1.00|0.00|5.00|-1.00|-1.00|-1.00|0.00|8.00|1.00|1.00,MEIA_VOLTA,-0.11
-1.00|-1.00|-1.00|-1.00|-1.00|-1.00|-1.00|-1.00|-1.00|0.01|8.00|1.00|8.00,DIREITA,18.05
-1.00|-1.00|-1.00|-1.00|-1.00|-1.00|-1.00|-1.00|-1.00|0.01|8.00|1.00|8.00,ESQUERDA,67.49
-1.00|-1.00|-1.00|-1.00|-1.00|-1.00|-1.00|-1.00|-1.00|0.01|8.00|1.00|8.00,FRENTE,47.14
-1.00|-1.00|-1.00|-1.00|-1.00|-1.00|-1.00|-1.00|-1.00|0.01|8.00|1.00|8.00,MEIA_VOLTA,31.71
-1.00|-1.00|-1.00|1.00|0.00|7.00|-1.00|-1.00|-1.00|0.01|8.00|1.00|8.00,DIREITA,-0.02
-1.00|-1.00|-1.00|1.00|0.00|7.00|-1.00|-1.00|-1.00|0.01|8.00|1.00|8.00,ESQUERDA,-0.05
-1.00|-1.00|-1.00|1.00|0.00|7.00|-1.00|-1.00|-1.00|0.01|8.00|1.00|8.00,FRENTE,4.35
-1.00|-1.00|-1.00|1.00|0.00|7.00|-1.00|-1.00|-1.00|0.01|8.00|1.00|8.00,MEIA_VOLTA,-0.05
-1.00|-1.00|-1.00|-1.00|0.00|-1.00|-1.00|-1.00|-1.00|0.01|8.00|8.00|1.00,DIREITA,2.83
-1.00|-1.00|-1.00|-1.00|0.00|-1.00|-1.00|-1.00|-1.00|0.01|8.00|8.00|1.00,ESQUERDA,6.08
-1.00|-1.00|-1.00|-1.00|0.00|-1.00|-1.00|-1.00|-1.00|0.01|8.00|8.00|1.00,FRENTE,-0.10
-1.00|-1.00|-1.00|-1.00|0.00|-1.00|-1.00|-1.00|-1.00|0.01|8.00|8.00|1.00,MEIA_VOLTA,21.85
-1.00|-1.00|-1.00|-1.00|-1.00|-1.00|-1.00|0.00|-1.00|0.01|8.00|8.00|8.00,DIREITA,41.10
-1.00|-1.00|-1.00|-1.00|-1.00|-1.00|-1.00|0.00|-1.00|0.01|8.00|8.00|8.00,ESQUERDA,26.94
-1.00|-1.00|-1.00|-1.00|-1.00|-1.00|-1.00|0.00|-1.00|0.01|8.00|8.00|8.00,FRENTE,150.93
-1.00|-1.00|-1.00|-1.00|-1.00|-1.00|-1.00|0.00|-1.00|0.01|8.00|8.00|8.00,MEIA_VOLTA,16.75
-1.00|-1.00|-1.00|-1.00|0.00|-1.00|-1.00|0.00|-1.00|0.01|8.00|8.00|8.00,DIREITA,-0.06
-1.00|-1.00|-1.00|-1.00|0.00|-1.00|-1.00|0.00|-1.00|0.01|8.00|8.00|8.00,ESQUERDA,2.00
-1.00|-1.00|-1.00|-1.00|0.00|-1.00|-1.00|0.00|-1.00|0.01|8.00|8.00|8.00,FRENTE,-0.23
-1.00|-1.00|-1.00|-1.00|0.00|-1.00|-1.00|0.00|-1.00|0.01|8.00|8.00|8.00,MEIA_VOLTA,7.13
-1.00|0.00|-1.00|-1.00|-1.00|-1.00|-1.00|-1.00|-1.00|0.01|1.00|1.00|1.00,DIREITA,11.47
-1.00|0.00|-1.00|-1.00|-1.00|-1.00|-1.00|-1.00|-1.00|0.01|1.00|1.00|1.00,ESQUERDA,13.31
-1.00|0.00|-1.00|-1.00|-1.00|-1.00|-1.00|-1.00|-1.00|0.01|1.00|1.00|1.00,FRENTE,15.65
-1.00|0.00|-1.00|-1.00|-1.00|-1.00|-1.00|-1.00|-1.00|0.01|1.00|1.00|1.00,MEIA_VOLTA,28.59
-1.00|-1.00|-1.00|1.00|0.00|7.00|-1.00|-1.00|-1.00|0.01|1.00|1.00|8.00,DIREITA,0.00
-1.00|-1.00|-1.00|1.00|0.00|7.00|-1.00|-1.00|-1.00|0.01|1.00|1.00|8.00,ESQUERDA,-0.03
-1.00|-1.00|-1.00|1.00|0.00|7.00|-1.00|-1.00|-1.00|0.01|1.00|1.00|8.00,FRENTE,0.00
-1.00|-1.00|-1.00|1.00|0.00|7.00|-1.00|-1.00|-1.00|0.01|1.00|1.00|8.00,MEIA_VOLTA,0.00
-1.00|-1.00|-1.00|-1.00|-1.00|-1.00|1.00|0.00|7.00|0.01|1.00|1.00|8.00,DIREITA,3.49
-1.00|-1.00|-1.00|-1.00|-1.00|-1.00|1.00|0.00|7.00|0.01|1.00|1.00|8.00,ESQUERDA,0.00
-1.00|-1.00|-1.00|-1.00|-1.00|-1.00|1.00|0.00|7.00|0.01|1.00|1.00|8.00,FRENTE,-0.07
-1.00|-1.00|-1.00|-1.00|-1.00|-1.00|1.00|0.00|7.00|0.01|1.00|1.00|8.00,MEIA_VOLTA,-0.02
1.00|0.00|5.00|-1.00|-1.00|-1.00|1.00|0.00|7.00|0.01|8.00|8.00|8.00,DIREITA,0.00
1.00|0.00|5.00|-1.00|-1.00|-1.00|1.00|0.00|7.00|0.01|8.00|8.00|8.00,ESQUERDA,-0.03
1.00|0.00|5.00|-1.00|-1.00|-1.00|1.00|0.00|7.00|0.01|8.00|8.00|8.00,FRENTE,0.00
1.00|0.00|5.00|-1.00|-1.00|-1.00|1.00|0.00|7.00|0.01|8.00|8.00|8.00,MEIA_VOLTA,0.00
-1.00|-1.00|-1.00|-1.00|-1.00|-1.00|0.00|0.00|0.00|0.02|1.00|1.00|8.00,DIREITA,69.96
-1.00|-1.00|-1.00|-1.00|-1.00|-1.00|0.00|0.00|0.00|0.02|1.00|1.00|8.00,ESQUERDA,0.00
-1.00|-1.00|-1.00|-1.00|-1.00|-1.00|0.00|0.00|0.00|0.02|1.00|1.00|8.00,FRENTE,0.00
-1.00|-1.00|-1.00|-1.00|-1.00|-1.00|0.00|0.00|0.00|0.02|1.00|1.00|8.00,MEIA_VOLTA,0.00
0.00|0.00|0.00|-1.00|-1.00|-1.00|-1.00|-1.00|-1.00|0.00|8.00|1.00|8.00,DIREITA,-0.39
0.00|0.00|0.00|-1.00|-1.00|-1.00|-1.00|-1.00|-1.00|0.00|8.00|1.00|8.00,ESQUERDA,-7.61
0.00|0.00|0.00|-1.00|-1.00|-1.00|-1.00|-1.00|-1.00|0.00|8.00|1.00|8.00,FRENTE,-0.52
0.00|0.00|0.00|-1.00|-1.00|-1.00|-1.00|-1.00|-1.00|0.00|8.00|1.00|8.00,MEIA_VOLTA,0.11
-1.00|-1.00|-1.00|-1.00|-1.00|-1.00|0.00|0.00|0.00|0.00|1.00|8.00|1.00,DIREITA,-8.68
-1.00|-1.00|-1.00|-1.00|-1.00|-1.00|0.00|0.00|0.00|0.00|1.00|8.00|1.00,ESQUERDA,0.33
-1.00|-1.00|-1.00|-1.00|-1.00|-1.00|0.00|0.00|0.00|0.00|1.00|8.00|1.00,FRENTE,-0.34
-1.00|-1.00|-1.00|-1.00|-1.00|-1.00|0.00|0.00|0.00|0.00|1.00|8.00|1.00,MEIA_VOLTA,-0.39
0.00|1.00|-1.00|-1.00|0.00|-1.00|-1.00|-1.00|-1.00|0.00|1.00|1.00|8.00,DIREITA,-0.07
0.00|1.00|-1.00|-1.00|0.00|-1.00|-1.00|-1.00|-1.00|0.00|1.00|1.00|8.00,ESQUERDA,0.00
0.00|1.00|-1.00|-1.00|0.00|-1.00|-1.00|-1.00|-1.00|0.00|1.00|1.00|8.00,FRENTE,0.00
0.00|1.00|-1.00|-1.00|0.00|-1.00|-1.00|-1.00|-1.00|0.00|1.00|1.00|8.00,MEIA_VOLTA,-0.02
-1.00|-1.00|-1.00|0.00|1.00|-1.00|-1.00|-1.00|-1.00|0.00|1.00|8.00|1.00,DIREITA,-0.25
-1.00|-1.00|-1.00|0.00|1.00|-1.00|-1.00|-1.00|-1.00|0.00|1.00|8.00|1.00,ESQUERDA,-0.29
-1.00|-1.00|-1.00|0.00|1.00|-1.00|-1.00|-1.00|-1.00|0.00|1.00|8.00|1.00,FRENTE,-0.24
-1.00|-1.00|-1.00|0.00|1.00|-1.00|-1.00|-1.00|-1.00|0.00|1.00|8.00|1.00,MEIA_VOLTA,0.68
1.00|0.00|7.00|-1.00|-1.00|-1.00|-1.00|-1.00|-1.00|0.00|8.00|8.00|1.00,DIREITA,0.43
1.00|0.00|7.00|-1.00|-1.00|-1.00|-1.00|-1.00|-1.00|0.00|8.00|8.00|1.00,ESQUERDA,47.96
1.00|0.00|7.00|-1.00|-1.00|-1.00|-1.00|-1.00|-1.00|0.00|8.00|8.00|1.00,FRENTE,0.38
1.00|0.00|7.00|-1.00|-1.00|-1.00|-1.00|-1.00|-1.00|0.00|8.00|8.00|1.00,MEIA_VOLTA,-0.04
-1.00|-1.00|-1.00|-1.00|0.00|-1.00|-1.00|-1.00|-1.00|0.00|8.00|8.00|1.00,DIREITA,0.99
-1.00|-1.00|-1.00|-1.00|0.00|-1.00|-1.00|-1.00|-1.00|0.00|8.00|8.00|1.00,ESQUERDA,-0.46
-1.00|-1.00|-1.00|-1.00|0.00|-1.00|-1.00|-1.00|-1.00|0.00|8.00|8.00|1.00,FRENTE,-0.74
-1.00|-1.00|-1.00|-1.00|0.00|-1.00|-1.00|-1.00|-1.00|0.00|8.00|8.00|1.00,MEIA_VOLTA,-0.47
-1.00|-1.00|-1.00|0.00|1.00|-1.00|-1.00|0.00|-1.00|0.00|8.00|8.00|1.00,DIREITA,-0.10
-1.00|-1.00|-1.00|0.00|1.00|-1.00|-1.00|0.00|-1.00|0.00|8.00|8.00|1.00,ESQUERDA,-0.02
-1.00|-1.00|-1.00|0.00|1.00|-1.00|-1.00|0.00|-1.00|0.00|8.00|8.00|1.00,FRENTE,-0.09
-1.00|-1.00|-1.00|0.00|1.00|-1.00|-1.00|0.00|-1.00|0.00|8.00|8.00|1.00,MEIA_VOLTA,0.00
-1.00|-1.00|-1.00|0.00|1.00|-1.00|-1.00|-1.00|-1.00|0.00|8.00|8.00|1.00,DIREITA,-0.28
-1.00|-1.00|-1.00|0.00|1.00|-1.00|-1.00|-1.00|-1.00|0.00|8.00|8.00|1.00,ESQUERDA,-0.27
-1.00|-1.00|-1.00|0.00|1.00|-1.00|-1.00|-1.00|-1.00|0.00|8.00|8.00|1.00,FRENTE,2.42
-1.00|-1.00|-1.00|0.00|1.00|-1.00|-1.00|-1.00|-1.00|0.00|8.00|8.00|1.00,MEIA_VOLTA,-0.27
-1.00|-1.00|-1.00|-1.00|-1.00|-1.00|0.00|1.00|-1.00|0.00|1.00|1.00|1.00,DIREITA,-1.01
-1.00|-1.00|-1.00|-1.00|-1.00|-1.00|0.00|1.00|-1.00|0.00|1.00|1.00|1.00,ESQUERDA,0.71
-1.00|-1.00|-1.00|-1.00|-1.00|-1.00|0.00|1.00|-1.00|0.00|1.00|1.00|1.00,FRENTE,-0.28
-1.00|-1.00|-1.00|-1.00|-1.00|-1.00|0.00|1.00|-1.00|0.00|1.00|1.00|1.00,MEIA_VOLTA,-2.11
-1.00|-1.00|-1.00|-1.00|-1.00|-1.00|1.00|0.00|6.00|0.00|1.00|1.00|8.00,DIREITA,0.00
-1.00|-1.00|-1.00|-1.00|-1.00|-1.00|1.00|0.00|6.00|0.00|1.00|1.00|8.00,ESQUERDA,-0.09
-1.00|-1.00|-1.00|-1.00|-1.00|-1.00|1.00|0.00|6.00|0.00|1.00|1.00|8.00,FRENTE,-0.19
-1.00|-1.00|-1.00|-1.00|-1.00|-1.00|1.00|0.00|6.00|0.00|1.00|1.00|8.00,MEIA_VOLTA,0.00
-1.00|-1.00|-1.00|1.00|0.00|5.00|-1.00|-1.00|-1.00|0.02|8.00|1.00|8.00,DIREITA,0.00
-1.00|-1.00|-1.00|1.00|0.00|5.00|-1.00|-1.00|-1.00|0.02|8.00|1.00|8.00,ESQUERDA,-0.03
-1.00|-1.00|-1.00|1.00|0.00|5.00|-1.00|-1.00|-1.00|0.02|8.00|1.00|8.00,FRENTE,0.00
-1.00|-1.00|-1.00|1.00|0.00|5.00|-1.00|-1.00|-1.00|0.02|8.00|1.00|8.00,MEIA_VOLTA,2.38
-1.00|-1.00|-1.00|-1.00|-1.00|-1.00|1.00|0.00|5.00|0.02|8.00|1.00|8.00,DIREITA,0.00
-1.00|-1.00|-1.00|-1.00|-1.00|-1.00|1.00|0.00|5.00|0.02|8.00|1.00|8.00,ESQUERDA,0.00
-1.00|-1.00|-1.00|-1.00|-1.00|-1.00|1.00|0.00|5.00|0.02|8.00|1.00|8.00,FRENTE,-0.03
-1.00|-1.00|-1.00|-1.00|-1.00|-1.00|1.00|0.00|5.00|0.02|8.00|1.00|8.00,MEIA_VOLTA,-0.02
-1.00|-1.00|-1.00|-1.00|0.00|-1.00|-1.00|-1.00|-1.00|0.02|8.00|1.00|8.00,DIREITA,-0.07
-1.00|-1.00|-1.00|-1.00|0.00|-1.00|-1.00|-1.00|-1.00|0.02|8.00|1.00|8.00,ESQUERDA,12.55
-1.00|-1.00|-1.00|-1.00|0.00|-1.00|-1.00|-1.00|-1.00|0.02|8.00|1.00|8.00,FRENTE,-0.10
-1.00|-1.00|-1.00|-1.00|0.00|-1.00|-1.00|-1.00|-1.00|0.02|8.00|1.00|8.00,MEIA_VOLTA,-0.11
1.00|0.00|5.00|-1.00|-1.00|-1.00|-1.00|-1.00|-1.00|0.02|1.00|8.00|1.00,DIREITA,0.00
1.00|0.00|5.00|-1.00|-1.00|-1.00|-1.00|-1.00|-1.00|0.02|1.00|8.00|1.00,ESQUERDA,0.48
1.00|0.00|5.00|-1.00|-1.00|-1.00|-1.00|-1.00|-1.00|0.02|1.00|8.00|1.00,FRENTE,1.87
1.00|0.00|5.00|-1.00|-1.00|-1.00|-1.00|-1.00|-1.00|0.02|1.00|8.00|1.00,MEIA_VOLTA,0.00
-1.00|-1.00|-1.00|-1.00|0.00|-1.00|-1.00|-1.00|-1.00|0.03|8.00|1.00|8.00,DIREITA,0.33
-1.00|-1.00|-1.00|-1.00|0.00|-1.00|-1.00|-1.00|-1.00|0.03|8.00|1.00|8.00,ESQUERDA,-0.13
-1.00|-1.00|-1.00|-1.00|0.00|-1.00|-1.00|-1.00|-1.00|0.03|8.00|1.00|8.00,FRENTE,-0.15
-1.00|-1.00|-1.00|-1.00|0.00|-1.00|-1.00|-1.00|-1.00|0.03|8.00|1.00|8.00,MEIA_VOLTA,1.28
-1.00|-1.00|-1.00|-1.00|0.00|-1.00|-1.00|-1.00|-1.00|0.03|8.00|1.00|1.00,DIREITA,0.44
-1.00|-1.00|-1.00|-1.00|0.00|-1.00|-1.00|-1.00|-1.00|0.03|8.00|1.00|1.00,ESQUERDA,-0.03
-1.00|-1.00|-1.00|-1.00|0.00|-1.00|-1.00|-1.00|-1.00|0.03|8.00|1.00|1.00,FRENTE,-0.10
-1.00|-1.00|-1.00|-1.00|0.00|-1.00|-1.00|-1.00|-1.00|0.03|8.00|1.00|1.00,MEIA_VOLTA,-0.12
-1.00|-1.00|-1.00|-1.00|0.00|-1.00|-1.00|-1.00|-1.00|0.03|1.00|8.00|1.00,DIREITA,0.28
-1.00|-1.00|-1.00|-1.00|0.00|-1.00|-1.00|-1.00|-1.00|0.03|1.00|8.00|1.00,ESQUERDA,-0.06
-1.00|-1.00|-1.00|-1.00|0.00|-1.00|-1.00|-1.00|-1.00|0.03|1.00|8.00|1.00,FRENTE,0.00
-1.00|-1.00|-1.00|-1.00|0.00|-1.00|-1.00|-1.00|-1.00|0.03|1.00|8.00|1.00,MEIA_VOLTA,-0.02
-1.00|-1.00|-1.00|-1.00|0.00|-1.00|-1.00|-1.00|-1.00|0.03|1.00|8.00|8.00,DIREITA,-0.04
-1.00|-1.00|-1.00|-1.00|0.00|-1.00|-1.00|-1.00|-1.00|0.03|1.00|8.00|8.00,ESQUERDA,-0.06
-1.00|-1.00|-1.00|-1.00|0.00|-1.00|-1.00|-1.00|-1.00|0.03|1.00|8.00|8.00,FRENTE,-0.10
-1.00|-1.00|-1.00|-1.00|0.00|-1.00|-1.00|-1.00|-1.00|0.03|1.00|8.00|8.00,MEIA_VOLTA,2.03
-1.00|-1.00|-1.00|0.00|0.00|0.00|-1.00|-1.00|-1.00|0.03|1.00|1.00|1.00,DIREITA,0.00
-1.00|-1.00|-1.00|0.00|0.00|0.00|-1.00|-1.00|-1.00|0.03|1.00|1.00|1.00,ESQUERDA,0.01
-1.00|-1.00|-1.00|0.00|0.00|0.00|-1.00|-1.00|-1.00|0.03|1.00|1.00|1.00,FRENTE,0.00
-1.00|-1.00|-1.00|0.00|0.00|0.00|-1.00|-1.00|-1.00|0.03|1.00|1.00|1.00,MEIA_VOLTA,1.87
-1.00|-1.00|-1.00|-1.00|0.00|-1.00|-1.00|-1.00|-1.00|0.03|1.00|1.00|8.00,DIREITA,0.34
-1.00|-1.00|-1.00|-1.00|0.00|-1.00|-1.00|-1.00|-1.00|0.03|1.00|1.00|8.00,ESQUERDA,-0.05
-1.00|-1.00|-1.00|-1.00|0.00|-1.00|-1.00|-1.00|-1.00|0.03|1.00|1.00|8.00,FRENTE,-0.18
-1.00|-1.00|-1.00|-1.00|0.00|-1.00|-1.00|-1.00|-1.00|0.03|1.00|1.00|8.00,MEIA_VOLTA,2.49
1.00|0.00|5.00|-1.00|-1.00|-1.00|-1.00|-1.00|-1.00|0.03|1.00|8.00|8.00,DIREITA,0.00
1.00|0.00|5.00|-1.00|-1.00|-1.00|-1.00|-1.00|-1.00|0.03|1.00|8.00|8.00,ESQUERDA,-0.10
1.00|0.00|5.00|-1.00|-1.00|-1.00|-1.00|-1.00|-1.00|0.03|1.00|8.00|8.00,FRENTE,0.97
1.00|0.00|5.00|-1.00|-1.00|-1.00|-1.00|-1.00|-1.00|0.03|1.00|8.00|8.00,MEIA_VOLTA,0.00
-1.00|-1.00|-1.00|-1.00|0.00|-1.00|-1.00|-1.00|-1.00|0.04|1.00|8.00|8.00,DIREITA,0.00
-1.00|-1.00|-1.00|-1.00|0.00|-1.00|-1.00|-1.00|-1.00|0.04|1.00|8.00|8.00,ESQUERDA,0.00
-1.00|-1.00|-1.00|-1.00|0.00|-1.00|-1.00|-1.00|-1.00|0.04|1.00|8.00|8.00,FRENTE,-0.10
-1.00|-1.00|-1.00|-1.00|0.00|-1.00|-1.00|-1.00|-1.00|0.04|1.00|8.00|8.00,MEIA_VOLTA,-0.02
-1.00|-1.00|-1.00|1.00|0.00|7.00|-1.00|-1.00|-1.00|0.04|1.00|1.00|8.00,DIREITA,0.00
-1.00|-1.00|-1.00|1.00|0.00|7.00|-1.00|-1.00|-1.00|0.04|1.00|1.00|8.00,ESQUERDA,0.00
-1.00|-1.00|-1.00|1.00|0.00|7.00|-1.00|-1.00|-1.00|0.04|1.00|1.00|8.00,FRENTE,-0.02
-1.00|-1.00|-1.00|1.00|0.00|7.00|-1.00|-1.00|-1.00|0.04|1.00|1.00|8.00,MEIA_VOLTA,0.00
-1.00|-1.00|-1.00|-1.00|0.00|-1.00|-1.00|-1.00|-1.00|0.05|8.00|1.00|8.00,DIREITA,-0.02
-1.00|-1.00|-1.00|-1.00|0.00|-1.00|-1.00|-1.00|-1.00|0.05|8.00|1.00|8.00,ESQUERDA,-0.05
-1.00|-1.00|-1.00|-1.00|0.00|-1.00|-1.00|-1.00|-1.00|0.05|8.00|1.00|8.00,FRENTE,0.00
-1.00|-1.00|-1.00|-1.00|0.00|-1.00|-1.00|-1.00|-1.00|0.05|8.00|1.00|8.00,MEIA_VOLTA,-0.02
-1.00|0.00|-1.00|-1.00|-1.00|-1.00|-1.00|-1.00|-1.00|0.05|1.00|1.00|1.00,DIREITA,32.98
-1.00|0.00|-1.00|-1.00|-1.00|-1.00|-1.00|-1.00|-1.00|0.05|1.00|1.00|1.00,ESQUERDA,-0.37
-1.00|0.00|-1.00|-1.00|-1.00|-1.00|-1.00|-1.00|-1.00|0.05|1.00|1.00|1.00,FRENTE,-0.14
-1.00|0.00|-1.00|-1.00|-1.00|-1.00|-1.00|-1.00|-1.00|0.05|1.00|1.00|1.00,MEIA_VOLTA,-0.15
-1.00|-1.00|-1.00|-1.00|-1.00|-1.00|-1.00|0.00|-1.00|0.05|8.00|8.00|8.00,DIREITA,-0.42
-1.00|-1.00|-1.00|-1.00|-1.00|-1.00|-1.00|0.00|-1.00|0.05|8.00|8.00|8.00,ESQUERDA,-0.15
-1.00|-1.00|-1.00|-1.00|-1.00|-1.00|-1.00|0.00|-1.00|0.05|8.00|8.00|8.00,FRENTE,-0.18
-1.00|-1.00|-1.00|-1.00|-1.00|-1.00|-1.00|0.00|-1.00|0.05|8.00|8.00|8.00,MEIA_VOLTA,-0.18
-1.00|0.00|-1.00|-1.00|-1.00|-1.00|-1.00|-1.00|-1.00|0.05|1.00|1.00|8.00,DIREITA,-0.02
-1.00|0.00|-1.00|-1.00|-1.00|-1.00|-1.00|-1.00|-1.00|0.05|1.00|1.00|8.00,ESQUERDA,-0.10
-1.00|0.00|-1.00|-1.00|-1.00|-1.00|-1.00|-1.00|-1.00|0.05|1.00|1.00|8.00,FRENTE,-0.02
-1.00|0.00|-1.00|-1.00|-1.00|-1.00|-1.00|-1.00|-1.00|0.05|1.00|1.00|8.00,MEIA_VOLTA,0.00
-1.00|-1.00|-1.00|-1.00|-1.00|-1.00|-1.00|0.00|-1.00|0.05|8.00|8.00|1.00,DIREITA,0.00
-1.00|-1.00|-1.00|-1.00|-1.00|-1.00|-1.00|0.00|-1.00|0.05|8.00|8.00|1.00,ESQUERDA,-0.06
-1.00|-1.00|-1.00|-1.00|-1.00|-1.00|-1.00|0.00|-1.00|0.05|8.00|8.00|1.00,FRENTE,-0.02
-1.00|-1.00|-1.00|-1.00|-1.00|-1.00|-1.00|0.00|-1.00|0.05|8.00|8.00|1.00,MEIA_VOLTA,0.00
-1.00|-1.00|-1.00|-1.00|0.00|-1.00|-1.00|-1.00|-1.00|0.05|8.00|8.00|8.00,DIREITA,-0.05
-1.00|-1.00|-1.00|-1.00|0.00|-1.00|-1.00|-1.00|-1.00|0.05|8.00|8.00|8.00,ESQUERDA,-0.05
-1.00|-1.00|-1.00|-1.00|0.00|-1.00|-1.00|-1.00|-1.00|0.05|8.00|8.00|8.00,FRENTE,-0.10
-1.00|-1.00|-1.00|-1.00|0.00|-1.00|-1.00|-1.00|-1.00|0.05|8.00|8.00|8.00,MEIA_VOLTA,-0.04
0.00|0.00|0.00|-1.00|-1.00|-1.00|-1.00|-1.00|-1.00|0.05|8.00|1.00|1.00,DIREITA,0.00
0.00|0.00|0.00|-1.00|-1.00|-1.00|-1.00|-1.00|-1.00|0.05|8.00|1.00|1.00,ESQUERDA,0.00
0.00|0.00|0.00|-1.00|-1.00|-1.00|-1.00|-1.00|-1.00|0.05|8.00|1.00|1.00,FRENTE,0.00
0.00|0.00|0.00|-1.00|-1.00|-1.00|-1.00|-1.00|-1.00|0.05|8.00|1.00|1.00,MEIA_VOLTA,0.00
0.00|0.00|0.00|0.00|1.00|-1.00|-1.00|-1.00|-1.00|0.05|8.00|1.00|1.00,DIREITA,0.00
0.00|0.00|0.00|0.00|1.00|-1.00|-1.00|-1.00|-1.00|0.05|8.00|1.00|1.00,ESQUERDA,183.94
0.00|0.00|0.00|0.00|1.00|-1.00|-1.00|-1.00|-1.00|0.05|8.00|1.00|1.00,FRENTE,0.00
0.00|0.00|0.00|0.00|1.00|-1.00|-1.00|-1.00|-1.00|0.05|8.00|1.00|1.00,MEIA_VOLTA,0.00
0.00|1.00|-1.00|-1.00|-1.00|-1.00|-1.00|-1.00|-1.00|0.00|8.00|8.00|8.00,DIREITA,-0.13
0.00|1.00|-1.00|-1.00|-1.00|-1.00|-1.00|-1.00|-1.00|0.00|8.00|8.00|8.00,ESQUERDA,-0.16
0.00|1.00|-1.00|-1.00|-1.00|-1.00|-1.00|-1.00|-1.00|0.00|8.00|8.00|8.00,FRENTE,-0.26
0.00|1.00|-1.00|-1.00|-1.00|-1.00|-1.00|-1.00|-1.00|0.00|8.00|8.00|8.00,MEIA_VOLTA,-0.16
1.00|0.00|7.00|-1.00|-1.00|-1.00|-1.00|-1.00|-1.00|0.00|1.00|8.00|8.00,DIREITA,0.78
1.00|0.00|7.00|-1.00|-1.00|-1.00|-1.00|-1.00|-1.00|0.00|1.00|8.00|8.00,ESQUERDA,0.00
1.00|0.00|7.00|-1.00|-1.00|-1.00|-1.00|-1.00|-1.00|0.00|1.00|8.00|8.00,FRENTE,0.00
1.00|0.00|7.00|-1.00|-1.00|-1.00|-1.00|-1.00|-1.00|0.00|1.00|8.00|8.00,MEIA_VOLTA,-0.02
-1.00|-1.00|-1.00|-1.00|-1.00|-1.00|1.00|0.00|7.00|0.00|8.00|1.00|1.00,DIREITA,-0.02
-1.00|-1.00|-1.00|-1.00|-1.00|-1.00|1.00|0.00|7.00|0.00|8.00|1.00|1.00,ESQUERDA,-0.08
-1.00|-1.00|-1.00|-1.00|-1.00|-1.00|1.00|0.00|7.00|0.00|8.00|1.00|1.00,FRENTE,0.24
-1.00|-1.00|-1.00|-1.00|-1.00|-1.00|1.00|0.00|7.00|0.00|8.00|1.00|1.00,MEIA_VOLTA,0.00
0.00|1.00|-1.00|-1.00|-1.00|-1.00|-1.00|-1.00|-1.00|0.01|1.00|8.00|8.00,DIREITA,23.60
0.00|1.00|-1.00|-1.00|-1.00|-1.00|-1.00|-1.00|-1.00|0.01|1.00|8.00|8.00,ESQUERDA,-0.02
0.00|1.00|-1.00|-1.00|-1.00|-1.00|-1.00|-1.00|-1.00|0.01|1.00|8.00|8.00,FRENTE,0.00
0.00|1.00|-1.00|-1.00|-1.00|-1.00|-1.00|-1.00|-1.00|0.01|1.00|8.00|8.00,MEIA_VOLTA,0.00
-1.00|-1.00|-1.00|-1.00|-1.00|-1.00|0.00|1.00|-1.00|0.01|8.00|8.00|1.00,DIREITA,0.00
-1.00|-1.00|-1.00|-1.00|-1.00|-1.00|0.00|1.00|-1.00|0.01|8.00|8.00|1.00,ESQUERDA,-0.02
-1.00|-1.00|-1.00|-1.00|-1.00|-1.00|0.00|1.00|-1.00|0.01|8.00|8.00|1.00,FRENTE,10.45
-1.00|-1.00|-1.00|-1.00|-1.00|-1.00|0.00|1.00|-1.00|0.01|8.00|8.00|1.00,MEIA_VOLTA,-0.02
0.00|1.00|-1.00|-1.00|-1.00|-1.00|-1.00|-1.00|-1.00|0.01|1.00|1.00|8.00,DIREITA,0.00
0.00|1.00|-1.00|-1.00|-1.00|-1.00|-1.00|-1.00|-1.00|0.01|1.00|1.00|8.00,ESQUERDA,12.27
0.00|1.00|-1.00|-1.00|-1.00|-1.00|-1.00|-1.00|-1.00|0.01|1.00|1.00|8.00,FRENTE,0.00
0.00|1.00|-1.00|-1.00|-1.00|-1.00|-1.00|-1.00|-1.00|0.01|1.00|1.00|8.00,MEIA_VOLTA,1.84
-1.00|-1.00|-1.00|-1.00|0.00|-1.00|-1.00|-1.00|-1.00|0.01|1.00|8.00|1.00,DIREITA,0.30
-1.00|-1.00|-1.00|-1.00|0.00|-1.00|-1.00|-1.00|-1.00|0.01|1.00|8.00|1.00,ESQUERDA,1.01
-1.00|-1.00|-1.00|-1.00|0.00|-1.00|-1.00|-1.00|-1.00|0.01|1.00|8.00|1.00,FRENTE,1.39
-1.00|-1.00|-1.00|-1.00|0.00|-1.00|-1.00|-1.00|-1.00|0.01|1.00|8.00|1.00,MEIA_VOLTA,17.73
-1.00|0.00|-1.00|-1.00|0.00|-1.00|-1.00|-1.00|-1.00|0.01|1.00|1.00|1.00,DIREITA,8.05
-1.00|0.00|-1.00|-1.00|0.00|-1.00|-1.00|-1.00|-1.00|0.01|1.00|1.00|1.00,ESQUERDA,0.19
-1.00|0.00|-1.00|-1.00|0.00|-1.00|-1.00|-1.00|-1.00|0.01|1.00|1.00|1.00,FRENTE,0.77
-1.00|0.00|-1.00|-1.00|0.00|-1.00|-1.00|-1.00|-1.00|0.01|1.00|1.00|1.00,MEIA_VOLTA,5.83
-1.00|-1.00|-1.00|-1.00|0.00|-1.00|-1.00|-1.00|-1.00|0.01|8.00|8.00|8.00,DIREITA,9.57
-1.00|-1.00|-1.00|-1.00|0.00|-1.00|-1.00|-1.00|-1.00|0.01|8.00|8.00|8.00,ESQUERDA,22.30
-1.00|-1.00|-1.00|-1.00|0.00|-1.00|-1.00|-1.00|-1.00|0.01|8.00|8.00|8.00,FRENTE,6.20
-1.00|-1.00|-1.00|-1.00|0.00|-1.00|-1.00|-1.00|-1.00|0.01|8.00|8.00|8.00,MEIA_VOLTA,4.89
-1.00|-1.00|-1.00|-1.00|0.00|-1.00|-1.00|-1.00|-1.00|0.01|1.00|1.00|1.00,DIREITA,47.95
-1.00|-1.00|-1.00|-1.00|0.00|-1.00|-1.00|-1.00|-1.00|0.01|1.00|1.00|1.00,ESQUERDA,13.28
-1.00|-1.00|-1.00|-1.00|0.00|-1.00|-1.00|-1.00|-1.00|0.01|1.00|1.00|1.00,FRENTE,8.91
-1.00|-1.00|-1.00|-1.00|0.00|-1.00|-1.00|-1.00|-1.00|0.01|1.00|1.00|1.00,MEIA_VOLTA,8.87
-1.00|-1.00|-1.00|0.00|0.00|0.00|-1.00|-1.00|-1.00|0.01|1.00|1.00|1.00,DIREITA,6.45
-1.00|-1.00|-1.00|0.00|0.00|0.00|-1.00|-1.00|-1.00|0.01|1.00|1.00|1.00,ESQUERDA,5.00
-1.00|-1.00|-1.00|0.00|0.00|0.00|-1.00|-1.00|-1.00|0.01|1.00|1.00|1.00,FRENTE,127.25
-1.00|-1.00|-1.00|0.00|0.00|0.00|-1.00|-1.00|-1.00|0.01|1.00|1.00|1.00,MEIA_VOLTA,15.24
-1.00|-1.00|-1.00|-1.00|0.00|-1.00|-1.00|-1.00|-1.00|0.01|1.00|1.00|8.00,DIREITA,16.20
-1.00|-1.00|-1.00|-1.00|0.00|-1.00|-1.00|-1.00|-1.00|0.01|1.00|1.00|8.00,ESQUERDA,17.10
-1.00|-1.00|-1.00|-1.00|0.00|-1.00|-1.00|-1.00|-1.00|0.01|1.00|1.00|8.00,FRENTE,10.37
-1.00|-1.00|-1.00|-1.00|0.00|-1.00|-1.00|-1.00|-1.00|0.01|1.00|1.00|8.00,MEIA_VOLTA,8.75
-1.00|-1.00|-1.00|-1.00|-1.00|-1.00|-1.00|0.00|-1.00|0.01|8.00|1.00|8.00,DIREITA,18.43
-1.00|-1.00|-1.00|-1.00|-1.00|-1.00|-1.00|0.00|-1.00|0.01|8.00|1.00|8.00,ESQUERDA,67.83
-1.00|-1.00|-1.00|-1.00|-1.00|-1.00|-1.00|0.00|-1.00|0.01|8.00|1.00|8.00,FRENTE,12.07
-1.00|-1.00|-1.00|-1.00|-1.00|-1.00|-1.00|0.00|-1.00|0.01|8.00|1.00|8.00,MEIA_VOLTA,10.51
-1.00|-1.00|-1.00|-1.00|0.00|-1.00|-1.00|0.00|-1.00|0.01|8.00|1.00|8.00,DIREITA,-0.10
-1.00|-1.00|-1.00|-1.00|0.00|-1.00|-1.00|0.00|-1.00|0.01|8.00|1.00|8.00,ESQUERDA,9.87
-1.00|-1.00|-1.00|-1.00|0.00|-1.00|-1.00|0.00|-1.00|0.01|8.00|1.00|8.00,FRENTE,-0.10
-1.00|-1.00|-1.00|-1.00|0.00|-1.00|-1.00|0.00|-1.00|0.01|8.00|1.00|8.00,MEIA_VOLTA,-0.05
-1.00|-1.00|-1.00|0.00|0.00|0.00|-1.00|-1.00|-1.00|0.01|1.00|1.00|8.00,DIREITA,21.30
-1.00|-1.00|-1.00|0.00|0.00|0.00|-1.00|-1.00|-1.00|0.01|1.00|1.00|8.00,ESQUERDA,14.48
-1.00|-1.00|-1.00|0.00|0.00|0.00|-1.00|-1.00|-1.00|0.01|1.00|1.00|8.00,FRENTE,221.48
-1.00|-1.00|-1.00|0.00|0.00|0.00|-1.00|-1.00|-1.00|0.01|1.00|1.00|8.00,MEIA_VOLTA,7.63
0.00|1.00|-1.00|-1.00|-1.00|-1.00|-1.00|0.00|-1.00|0.00|8.00|1.00|8.00,DIREITA,-0.10
0.00|1.00|-1.00|-1.00|-1.00|-1.00|-1.00|0.00|-1.00|0.00|8.00|1.00|8.00,ESQUERDA,0.00
0.00|1.00|-1.00|-1.00|-1.00|-1.00|-1.00|0.00|-1.00|0.00|8.00|1.00|8.00,FRENTE,0.00
0.00|1.00|-1.00|-1.00|-1.00|-1.00|-1.00|0.00|-1.00|0.00|8.00|1.00|8.00,MEIA_VOLTA,0.00
-1.00|0.00|-1.00|0.00|1.00|-1.00|-1.00|-1.00|-1.00|0.00|1.00|1.00|1.00,DIREITA,-0.09
-1.00|0.00|-1.00|0.00|1.00|-1.00|-1.00|-1.00|-1.00|0.00|1.00|1.00|1.00,ESQUERDA,-0.20
-1.00|0.00|-1.00|0.00|1.00|-1.00|-1.00|-1.00|-1.00|0.00|1.00|1.00|1.00,FRENTE,-0.12
-1.00|0.00|-1.00|0.00|1.00|-1.00|-1.00|-1.00|-1.00|0.00|1.00|1.00|1.00,MEIA_VOLTA,-0.13
-1.00|-1.00|-1.00|-1.00|-1.00|-1.00|-1.00|0.00|-1.00|0.00|8.00|1.00|1.00,DIREITA,-0.19
-1.00|-1.00|-1.00|-1.00|-1.00|-1.00|-1.00|0.00|-1.00|0.00|8.00|1.00|1.00,ESQUERDA,0.02
-1.00|-1.00|-1.00|-1.00|-1.00|-1.00|-1.00|0.00|-1.00|0.00|8.00|1.00|1.00,FRENTE,-0.10
-1.00|-1.00|-1.00|-1.00|-1.00|-1.00|-1.00|0.00|-1.00|0.00|8.00|1.00|1.00,MEIA_VOLTA,-0.10
0.00|0.00|0.00|-1.00|-1.00|-1.00|-1.00|0.00|-1.00|0.00|8.00|1.00|8.00,DIREITA,-0.29
0.00|0.00|0.00|-1.00|-1.00|-1.00|-1.00|0.00|-1.00|0.00|8.00|1.00|8.00,ESQUERDA,-3.77
0.00|0.00|0.00|-1.00|-1.00|-1.00|-1.00|0.00|-1.00|0.00|8.00|1.00|8.00,FRENTE,-0.24
0.00|0.00|0.00|-1.00|-1.00|-1.00|-1.00|0.00|-1.00|0.00|8.00|1.00|8.00,MEIA_VOLTA,-0.25
-1.00|-1.00|-1.00|-1.00|-1.00|-1.00|1.00|0.00|7.00|0.01|8.00|1.00|8.00,DIREITA,2.63
-1.00|-1.00|-1.00|-1.00|-1.00|-1.00|1.00|0.00|7.00|0.01|8.00|1.00|8.00,ESQUERDA,-0.05
-1.00|-1.00|-1.00|-1.00|-1.00|-1.00|1.00|0.00|7.00|0.01|8.00|1.00|8.00,FRENTE,-0.05
-1.00|-1.00|-1.00|-1.00|-1.00|-1.00|1.00|0.00|7.00|0.01|8.00|1.00|8.00,MEIA_VOLTA,0.00
1.00|0.00|7.00|-1.00|-1.00|-1.00|-1.00|-1.00|-1.00|0.01|1.00|8.00|1.00,DIREITA,0.00
1.00|0.00|7.00|-1.00|-1.00|-1.00|-1.00|-1.00|-1.00|0.01|1.00|8.00|1.00,ESQUERDA,1.98
1.00|0.00|7.00|-1.00|-1.00|-1.00|-1.00|-1.00|-1.00|0.01|1.00|8.00|1.00,FRENTE,-0.05
1.00|0.00|7.00|-1.00|-1.00|-1.00|-1.00|-1.00|-1.00|0.01|1.00|8.00|1.00,MEIA_VOLTA,-0.02
1.00|0.00|7.00|-1.00|-1.00|-1.00|-1.00|-1.00|-1.00|0.01|8.00|8.00|1.00,DIREITA,-0.05
1.00|0.00|7.00|-1.00|-1.00|-1.00|-1.00|-1.00|-1.00|0.01|8.00|8.00|1.00,ESQUERDA,0.00
1.00|0.00|7.00|-1.00|-1.00|-1.00|-1.00|-1.00|-1.00|0.01|8.00|8.00|1.00,FRENTE,1.25
1.00|0.00|7.00|-1.00|-1.00|-1.00|-1.00|-1.00|-1.00|0.01|8.00|8.00|1.00,MEIA_VOLTA,-0.02
-1.00|-1.00|-1.00|-1.00|-1.00|-1.00|1.00|0.00|7.00|0.01|8.00|1.00|1.00,DIREITA,-0.08
-1.00|-1.00|-1.00|-1.00|-1.00|-1.00|1.00|0.00|7.00|0.01|8.00|1.00|1.00,ESQUERDA,5.98
-1.00|-1.00|-1.00|-1.00|-1.00|-1.00|1.00|0.00|7.00|0.01|8.00|1.00|1.00,FRENTE,0.00
-1.00|-1.00|-1.00|-1.00|-1.00|-1.00|1.00|0.00|7.00|0.01|8.00|1.00|1.00,MEIA_VOLTA,-0.02
-1.00|-1.00|-1.00|-1.00|0.00|-1.00|-1.00|-1.00|-1.00|0.02|8.00|8.00|8.00,DIREITA,3.80
-1.00|-1.00|-1.00|-1.00|0.00|-1.00|-1.00|-1.00|-1.00|0.02|8.00|8.00|8.00,ESQUERDA,13.91
-1.00|-1.00|-1.00|-1.00|0.00|-1.00|-1.00|-1.00|-1.00|0.02|8.00|8.00|8.00,FRENTE,1.17
-1.00|-1.00|-1.00|-1.00|0.00|-1.00|-1.00|-1.00|-1.00|0.02|8.00|8.00|8.00,MEIA_VOLTA,3.86
-1.00|-1.00|-1.00|-1.00|-1.00|-1.00|-1.00|0.00|-1.00|0.02|8.00|8.00|8.00,DIREITA,8.79
-1.00|-1.00|-1.00|-1.00|-1.00|-1.00|-1.00|0.00|-1.00|0.02|8.00|8.00|8.00,ESQUERDA,22.84
-1.00|-1.00|-1.00|-1.00|-1.00|-1.00|-1.00|0.00|-1.00|0.02|8.00|8.00|8.00,FRENTE,19.50
-1.00|-1.00|-1.00|-1.00|-1.00|-1.00|-1.00|0.00|-1.00|0.02|8.00|8.00|8.00,MEIA_VOLTA,37.15
-1.00|0.00|-1.00|-1.00|0.00|-1.00|-1.00|-1.00|-1.00|0.02|1.00|1.00|1.00,DIREITA,7.86
-1.00|0.00|-1.00|-1.00|0.00|-1.00|-1.00|-1.00|-1.00|0.02|1.00|1.00|1.00,ESQUERDA,4.05
-1.00|0.00|-1.00|-1.00|0.00|-1.00|-1.00|-1.00|-1.00|0.02|1.00|1.00|1.00,FRENTE,0.39
-1.00|0.00|-1.00|-1.00|0.00|-1.00|-1.00|-1.00|-1.00|0.02|1.00|1.00|1.00,MEIA_VOLTA,29.67
-1.00|-1.00|-1.00|-1.00|0.00|-1.00|-1.00|-1.00|-1.00|0.02|8.00|1.00|1.00,DIREITA,4.32
-1.00|-1.00|-1.00|-1.00|0.00|-1.00|-1.00|-1.00|-1.00|0.02|8.00|1.00|1.00,ESQUERDA,6.12
-1.00|-1.00|-1.00|-1.00|0.00|-1.00|-1.00|-1.00|-1.00|0.02|8.00|1.00|1.00,FRENTE,0.55
-1.00|-1.00|-1.00|-1.00|0.00|-1.00|-1.00|-1.00|-1.00|0.02|8.00|1.00|1.00,MEIA_VOLTA,4.00
-1.00|-1.00|-1.00|-1.00|0.00|-1.00|-1.00|0.00|-1.00|0.02|8.00|8.00|8.00,DIREITA,-0.10
-1.00|-1.00|-1.00|-1.00|0.00|-1.00|-1.00|0.00|-1.00|0.02|8.00|8.00|8.00,ESQUERDA,4.84
-1.00|-1.00|-1.00|-1.00|0.00|-1.00|-1.00|0.00|-1.00|0.02|8.00|8.00|8.00,FRENTE,0.12
-1.00|-1.00|-1.00|-1.00|0.00|-1.00|-1.00|0.00|-1.00|0.02|8.00|8.00|8.00,MEIA_VOLTA,0.00
-1.00|-1.00|-1.00|-1.00|-1.00|-1.00|1.00|0.00|5.00|0.02|8.00|1.00|1.00,DIREITA,0.33
-1.00|-1.00|-1.00|-1.00|-1.00|-1.00|1.00|0.00|5.00|0.02|8.00|1.00|1.00,ESQUERDA,0.00
-1.00|-1.00|-1.00|-1.00|-1.00|-1.00|1.00|0.00|5.00|0.02|8.00|1.00|1.00,FRENTE,0.00
-1.00|-1.00|-1.00|-1.00|-1.00|-1.00|1.00|0.00|5.00|0.02|8.00|1.00|1.00,MEIA_VOLTA,-0.02
-1.00|-1.00|-1.00|0.00|1.00|-1.00|-1.00|-1.00|-1.00|0.03|8.00|1.00|1.00,DIREITA,-0.05
-1.00|-1.00|-1.00|0.00|1.00|-1.00|-1.00|-1.00|-1.00|0.03|8.00|1.00|1.00,ESQUERDA,0.00
-1.00|-1.00|-1.00|0.00|1.00|-1.00|-1.00|-1.00|-1.00|0.03|8.00|1.00|1.00,FRENTE,0.00
-1.00|-1.00|-1.00|0.00|1.00|-1.00|-1.00|-1.00|-1.00|0.03|8.00|1.00|1.00,MEIA_VOLTA,0.00
0.00|1.00|-1.00|-1.00|0.00|-1.00|-1.00|-1.00|-1.00|0.03|8.00|1.00|8.00,DIREITA,0.00
0.00|1.00|-1.00|-1.00|0.00|-1.00|-1.00|-1.00|-1.00|0.03|8.00|1.00|8.00,ESQUERDA,0.00
0.00|1.00|-1.00|-1.00|0.00|-1.00|-1.00|-1.00|-1.00|0.03|8.00|1.00|8.00,FRENTE,-0.10
0.00|1.00|-1.00|-1.00|0.00|-1.00|-1.00|-1.00|-1.00|0.03|8.00|1.00|8.00,MEIA_VOLTA,0.00
-1.00|-1.00|-1.00|0.00|1.00|-1.00|-1.00|0.00|-1.00|0.03|8.00|8.00|1.00,DIREITA,0.00
-1.00|-1.00|-1.00|0.00|1.00|-1.00|-1.00|0.00|-1.00|0.03|8.00|8.00|1.00,ESQUERDA,0.00
-1.00|-1.00|-1.00|0.00|1.00|-1.00|-1.00|0.00|-1.00|0.03|8.00|8.00|1.00,FRENTE,0.00
-1.00|-1.00|-1.00|0.00|1.00|-1.00|-1.00|0.00|-1.00|0.03|8.00|8.00|1.00,MEIA_VOLTA,0.00
-1.00|-1.00|-1.00|-1.00|-1.00|-1.00|-1.00|0.00|-1.00|0.03|8.00|8.00|1.00,DIREITA,-0.10
-1.00|-1.00|-1.00|-1.00|-1.00|-1.00|-1.00|0.00|-1.00|0.03|8.00|8.00|1.00,ESQUERDA,0.46
-1.00|-1.00|-1.00|-1.00|-1.00|-1.00|-1.00|0.00|-1.00|0.03|8.00|8.00|1.00,FRENTE,-0.02
-1.00|-1.00|-1.00|-1.00|-1.00|-1.00|-1.00|0.00|-1.00|0.03|8.00|8.00|1.00,MEIA_VOLTA,-0.04
-1.00|-1.00|-1.00|0.00|1.00|-1.00|-1.00|-1.00|-1.00|0.03|8.00|8.00|1.00,DIREITA,0.00
-1.00|-1.00|-1.00|0.00|1.00|-1.00|-1.00|-1.00|-1.00|0.03|8.00|8.00|1.00,ESQUERDA,0.00
-1.00|-1.00|-1.00|0.00|1.00|-1.00|-1.00|-1.00|-1.00|0.03|8.00|8.00|1.00,FRENTE,0.00
-1.00|-1.00|-1.00|0.00|1.00|-1.00|-1.00|-1.00|-1.00|0.03|8.00|8.00|1.00,MEIA_VOLTA,0.00
0.00|1.00|-1.00|-1.00|-1.00|-1.00|-1.00|-1.00|-1.00|0.03|8.00|1.00|8.00,DIREITA,0.00
0.00|1.00|-1.00|-1.00|-1.00|-1.00|-1.00|-1.00|-1.00|0.03|8.00|1.00|8.00,ESQUERDA,0.00
0.00|1.00|-1.00|-1.00|-1.00|-1.00|-1.00|-1.00|-1.00|0.03|8.00|1.00|8.00,FRENTE,-0.03
0.00|1.00|-1.00|-1.00|-1.00|-1.00|-1.00|-1.00|-1.00|0.03|8.00|1.00|8.00,MEIA_VOLTA,0.00
-1.00|-1.00|-1.00|1.00|0.00|7.00|-1.00|-1.00|-1.00|0.03|1.00|1.00|1.00,DIREITA,0.00
-1.00|-1.00|-1.00|1.00|0.00|7.00|-1.00|-1.00|-1.00|0.03|1.00|1.00|1.00,ESQUERDA,0.00
-1.00|-1.00|-1.00|1.00|0.00|7.00|-1.00|-1.00|-1.00|0.03|1.00|1.00|1.00,FRENTE,0.00
-1.00|-1.00|-1.00|1.00|0.00|7.00|-1.00|-1.00|-1.00|0.03|1.00|1.00|1.00,MEIA_VOLTA,-0.05
0.00|1.00|-1.00|-1.00|-1.00|-1.00|-1.00|-1.00|-1.00|0.03|1.00|1.00|8.00,DIREITA,0.00
0.00|1.00|-1.00|-1.00|-1.00|-1.00|-1.00|-1.00|-1.00|0.03|1.00|1.00|8.00,ESQUERDA,0.57
0.00|1.00|-1.00|-1.00|-1.00|-1.00|-1.00|-1.00|-1.00|0.03|1.00|1.00|8.00,FRENTE,0.00
0.00|1.00|-1.00|-1.00|-1.00|-1.00|-1.00|-1.00|-1.00|0.03|1.00|1.00|8.00,MEIA_VOLTA,0.00
-1.00|-1.00|-1.00|-1.00|-1.00|-1.00|0.00|1.00|-1.00|0.03|1.00|8.00|1.00,DIREITA,0.32
-1.00|-1.00|-1.00|-1.00|-1.00|-1.00|0.00|1.00|-1.00|0.03|1.00|8.00|1.00,ESQUERDA,0.37
-1.00|-1.00|-1.00|-1.00|-1.00|-1.00|0.00|1.00|-1.00|0.03|1.00|8.00|1.00,FRENTE,0.00
-1.00|-1.00|-1.00|-1.00|-1.00|-1.00|0.00|1.00|-1.00|0.03|1.00|8.00|1.00,MEIA_VOLTA,-0.04
0.00|0.00|0.00|-1.00|-1.00|-1.00|-1.00|-1.00|-1.00|0.03|8.00|1.00|1.00,DIREITA,0.00
0.00|0.00|0.00|-1.00|-1.00|-1.00|-1.00|-1.00|-1.00|0.03|8.00|1.00|1.00,ESQUERDA,0.00
0.00|0.00|0.00|-1.00|-1.00|-1.00|-1.00|-1.00|-1.00|0.03|8.00|1.00|1.00,FRENTE,0.80
0.00|0.00|0.00|-1.00|-1.00|-1.00|-1.00|-1.00|-1.00|0.03|8.00|1.00|1.00,MEIA_VOLTA,20.12
0.00|0.00|0.00|-1.00|-1.00|-1.00|-1.00|-1.00|-1.00|0.03|8.00|8.00|8.00,DIREITA,-0.02
0.00|0.00|0.00|-1.00|-1.00|-1.00|-1.00|-1.00|-1.00|0.03|8.00|8.00|8.00,ESQUERDA,111.93
0.00|0.00|0.00|-1.00|-1.00|-1.00|-1.00|-1.00|-1.00|0.03|8.00|8.00|8.00,FRENTE,0.00
0.00|0.00|0.00|-1.00|-1.00|-1.00|-1.00|-1.00|-1.00|0.03|8.00|8.00|8.00,MEIA_VOLTA,-0.02
-1.00|-1.00|-1.00|-1.00|-1.00|-1.00|0.00|0.00|0.00|0.03|1.00|1.00|1.00,DIREITA,0.00
-1.00|-1.00|-1.00|-1.00|-1.00|-1.00|0.00|0.00|0.00|0.03|1.00|1.00|1.00,ESQUERDA,0.00
-1.00|-1.00|-1.00|-1.00|-1.00|-1.00|0.00|0.00|0.00|0.03|1.00|1.00|1.00,FRENTE,0.00
-1.00|-1.00|-1.00|-1.00|-1.00|-1.00|0.00|0.00|0.00|0.03|1.00|1.00|1.00,MEIA_VOLTA,-0.02
-1.00|-1.00|-1.00|-1.00|0.00|-1.00|-1.00|0.00|-1.00|0.00|8.00|1.00|8.00,DIREITA,-0.35
-1.00|-1.00|-1.00|-1.00|0.00|-1.00|-1.00|0.00|-1.00|0.00|8.00|1.00|8.00,ESQUERDA,-0.32
-1.00|-1.00|-1.00|-1.00|0.00|-1.00|-1.00|0.00|-1.00|0.00|8.00|1.00|8.00,FRENTE,-0.35
-1.00|-1.00|-1.00|-1.00|0.00|-1.00|-1.00|0.00|-1.00|0.00|8.00|1.00|8.00,MEIA_VOLTA,-0.30
-1.00|-1.00|-1.00|-1.00|0.00|-1.00|-1.00|-1.00|-1.00|0.02|1.00|8.00|1.00,DIREITA,11.23
-1.00|-1.00|-1.00|-1.00|0.00|-1.00|-1.00|-1.00|-1.00|0.02|1.00|8.00|1.00,ESQUERDA,1.29
-1.00|-1.00|-1.00|-1.00|0.00|-1.00|-1.00|-1.00|-1.00|0.02|1.00|8.00|1.00,FRENTE,0.00
-1.00|-1.00|-1.00|-1.00|0.00|-1.00|-1.00|-1.00|-1.00|0.02|1.00|8.00|1.00,MEIA_VOLTA,0.00
-1.00|-1.00|-1.00|-1.00|0.00|-1.00|-1.00|0.00|-1.00|0.00|8.00|8.00|1.00,DIREITA,0.00
-1.00|-1.00|-1.00|-1.00|0.00|-1.00|-1.00|0.00|-1.00|0.00|8.00|8.00|1.00,ESQUERDA,-0.10
-1.00|-1.00|-1.00|-1.00|0.00|-1.00|-1.00|0.00|-1.00|0.00|8.00|8.00|1.00,FRENTE,0.00
-1.00|-1.00|-1.00|-1.00|0.00|-1.00|-1.00|0.00|-1.00|0.00|8.00|8.00|1.00,MEIA_VOLTA,0.00
1.00|0.00|6.00|1.00|0.00|6.00|-1.00|-1.00|-1.00|0.00|8.00|1.00|8.00,DIREITA,0.00
1.00|0.00|6.00|1.00|0.00|6.00|-1.00|-1.00|-1.00|0.00|8.00|1.00|8.00,ESQUERDA,-0.03
1.00|0.00|6.00|1.00|0.00|6.00|-1.00|-1.00|-1.00|0.00|8.00|1.00|8.00,FRENTE,0.00
1.00|0.00|6.00|1.00|0.00|6.00|-1.00|-1.00|-1.00|0.00|8.00|1.00|8.00,MEIA_VOLTA,0.00
1.00|0.00|6.00|-1.00|-1.00|-1.00|-1.00|-1.00|-1.00|0.01|1.00|8.00|8.00,DIREITA,10.05
1.00|0.00|6.00|-1.00|-1.00|-1.00|-1.00|-1.00|-1.00|0.01|1.00|8.00|8.00,ESQUERDA,1.62
1.00|0.00|6.00|-1.00|-1.00|-1.00|-1.00|-1.00|-1.00|0.01|1.00|8.00|8.00,FRENTE,1.66
1.00|0.00|6.00|-1.00|-1.00|-1.00|-1.00|-1.00|-1.00|0.01|1.00|8.00|8.00,MEIA_VOLTA,0.13
-1.00|-1.00|-1.00|-1.00|-1.00|-1.00|0.00|0.00|0.00|0.02|1.00|8.00|8.00,DIREITA,147.79
-1.00|-1.00|-1.00|-1.00|-1.00|-1.00|0.00|0.00|0.00|0.02|1.00|8.00|8.00,ESQUERDA,3.56
-1.00|-1.00|-1.00|-1.00|-1.00|-1.00|0.00|0.00|0.00|0.02|1.00|8.00|8.00,FRENTE,-0.12
-1.00|-1.00|-1.00|-1.00|-1.00|-1.00|0.00|0.00|0.00|0.02|1.00|8.00|8.00,MEIA_VOLTA,0.00
-1.00|-1.00|-1.00|1.00|0.00|5.00|-1.00|-1.00|-1.00|0.00|1.00|1.00|1.00,DIREITA,-0.10
-1.00|-1.00|-1.00|1.00|0.00|5.00|-1.00|-1.00|-1.00|0.00|1.00|1.00|1.00,ESQUERDA,0.00
-1.00|-1.00|-1.00|1.00|0.00|5.00|-1.00|-1.00|-1.00|0.00|1.00|1.00|1.00,FRENTE,5.50
-1.00|-1.00|-1.00|1.00|0.00|5.00|-1.00|-1.00|-1.00|0.00|1.00|1.00|1.00,MEIA_VOLTA,0.00
1.00|0.00|5.00|-1.00|-1.00|-1.00|-1.00|-1.00|-1.00|0.00|8.00|8.00|1.00,DIREITA,0.00
1.00|0.00|5.00|-1.00|-1.00|-1.00|-1.00|-1.00|-1.00|0.00|8.00|8.00|1.00,ESQUERDA,49.91
1.00|0.00|5.00|-1.00|-1.00|-1.00|-1.00|-1.00|-1.00|0.00|8.00|8.00|1.00,FRENTE,-0.13
1.00|0.00|5.00|-1.00|-1.00|-1.00|-1.00|-1.00|-1.00|0.00|8.00|8.00|1.00,MEIA_VOLTA,0.96
-1.00|-1.00|-1.00|-1.00|-1.00|-1.00|1.00|0.00|7.00|0.00|1.00|1.00|8.00,DIREITA,9.45
-1.00|-1.00|-1.00|-1.00|-1.00|-1.00|1.00|0.00|7.00|0.00|1.00|1.00|8.00,ESQUERDA,-0.08
-1.00|-1.00|-1.00|-1.00|-1.00|-1.00|1.00|0.00|7.00|0.00|1.00|1.00|8.00,FRENTE,0.00
-1.00|-1.00|-1.00|-1.00|-1.00|-1.00|1.00|0.00|7.00|0.00|1.00|1.00|8.00,MEIA_VOLTA,0.00
1.00|0.00|5.00|-1.00|-1.00|-1.00|1.00|0.00|7.00|0.00|8.00|8.00|8.00,DIREITA,0.00
1.00|0.00|5.00|-1.00|-1.00|-1.00|1.00|0.00|7.00|0.00|8.00|8.00|8.00,ESQUERDA,0.00
1.00|0.00|5.00|-1.00|-1.00|-1.00|1.00|0.00|7.00|0.00|8.00|8.00|8.00,FRENTE,0.00
1.00|0.00|5.00|-1.00|-1.00|-1.00|1.00|0.00|7.00|0.00|8.00|8.00|8.00,MEIA_VOLTA,-0.02
1.00|0.00|7.00|-1.00|-1.00|-1.00|1.00|0.00|5.00|0.00|1.00|1.00|1.00,DIREITA,-0.05
1.00|0.00|7.00|-1.00|-1.00|-1.00|1.00|0.00|5.00|0.00|1.00|1.00|1.00,ESQUERDA,0.00
1.00|0.00|7.00|-1.00|-1.00|-1.00|1.00|0.00|5.00|0.00|1.00|1.00|1.00,FRENTE,-0.06
1.00|0.00|7.00|-1.00|-1.00|-1.00|1.00|0.00|5.00|0.00|1.00|1.00|1.00,MEIA_VOLTA,0.00
-1.00|-1.00|-1.00|-1.00|0.00|-1.00|-1.00|-1.00|-1.00|0.01|8.00|1.00|8.00,DIREITA,10.15
-1.00|-1.00|-1.00|-1.00|0.00|-1.00|-1.00|-1.00|-1.00|0.01|8.00|1.00|8.00,ESQUERDA,57.88
-1.00|-1.00|-1.00|-1.00|0.00|-1.00|-1.00|-1.00|-1.00|0.01|8.00|1.00|8.00,FRENTE,8.00
-1.00|-1.00|-1.00|-1.00|0.00|-1.00|-1.00|-1.00|-1.00|0.01|8.00|1.00|8.00,MEIA_VOLTA,9.80
-1.00|-1.00|-1.00|1.00|0.00|7.00|-1.00|-1.00|-1.00|0.01|1.00|1.00|1.00,DIREITA,3.62
-1.00|-1.00|-1.00|1.00|0.00|7.00|-1.00|-1.00|-1.00|0.01|1.00|1.00|1.00,ESQUERDA,0.00
-1.00|-1.00|-1.00|1.00|0.00|7.00|-1.00|-1.00|-1.00|0.01|1.00|1.00|1.00,FRENTE,0.00
-1.00|-1.00|-1.00|1.00|0.00|7.00|-1.00|-1.00|-1.00|0.01|1.00|1.00|1.00,MEIA_VOLTA,6.71
1.00|0.00|7.00|-1.00|-1.00|-1.00|-1.00|-1.00|-1.00|0.01|1.00|8.00|8.00,DIREITA,0.00
1.00|0.00|7.00|-1.00|-1.00|-1.00|-1.00|-1.00|-1.00|0.01|1.00|8.00|8.00,ESQUERDA,1.88
1.00|0.00|7.00|-1.00|-1.00|-1.00|-1.00|-1.00|-1.00|0.01|1.00|8.00|8.00,FRENTE,0.00
1.00|0.00|7.00|-1.00|-1.00|-1.00|-1.00|-1.00|-1.00|0.01|1.00|8.00|8.00,MEIA_VOLTA,0.08
-1.00|-1.00|-1.00|-1.00|-1.00|-1.00|0.00|0.00|0.00|0.02|1.00|1.00|1.00,DIREITA,204.75
-1.00|-1.00|-1.00|-1.00|-1.00|-1.00|0.00|0.00|0.00|0.02|1.00|1.00|1.00,ESQUERDA,2.30
-1.00|-1.00|-1.00|-1.00|-1.00|-1.00|0.00|0.00|0.00|0.02|1.00|1.00|1.00,FRENTE,4.75
-1.00|-1.00|-1.00|-1.00|-1.00|-1.00|0.00|0.00|0.00|0.02|1.00|1.00|1.00,MEIA_VOLTA,12.56
-1.00|-1.00|-1.00|-1.00|0.00|-1.00|-1.00|-1.00|-1.00|0.02|1.00|8.00|8.00,DIREITA,20.52
-1.00|-1.00|-1.00|-1.00|0.00|-1.00|-1.00|-1.00|-1.00|0.02|1.00|8.00|8.00,ESQUERDA,0.41
-1.00|-1.00|-1.00|-1.00|0.00|-1.00|-1.00|-1.00|-1.00|0.02|1.00|8.00|8.00,FRENTE,-0.11
-1.00|-1.00|-1.00|-1.00|0.00|-1.00|-1.00|-1.00|-1.00|0.02|1.00|8.00|8.00,MEIA_VOLTA,0.00
0.00|0.00|0.00|-1.00|-1.00|-1.00|-1.00|-1.00|-1.00|0.02|8.00|1.00|1.00,DIREITA,0.00
0.00|0.00|0.00|-1.00|-1.00|-1.00|-1.00|-1.00|-1.00|0.02|8.00|1.00|1.00,ESQUERDA,0.00
0.00|0.00|0.00|-1.00|-1.00|-1.00|-1.00|-1.00|-1.00|0.02|8.00|1.00|1.00,FRENTE,1.58
0.00|0.00|0.00|-1.00|-1.00|-1.00|-1.00|-1.00|-1.00|0.02|8.00|1.00|1.00,MEIA_VOLTA,35.93
-1.00|-1.00|-1.00|1.00|0.00|7.00|-1.00|-1.00|-1.00|0.00|8.00|1.00|8.00,DIREITA,-0.09
-1.00|-1.00|-1.00|1.00|0.00|7.00|-1.00|-1.00|-1.00|0.00|8.00|1.00|8.00,ESQUERDA,0.00
-1.00|-1.00|-1.00|1.00|0.00|7.00|-1.00|-1.00|-1.00|0.00|8.00|1.00|8.00,FRENTE,21.39
-1.00|-1.00|-1.00|1.00|0.00|7.00|-1.00|-1.00|-1.00|0.00|8.00|1.00|8.00,MEIA_VOLTA,0.00
-1.00|-1.00|-1.00|-1.00|0.00|-1.00|0.00|1.00|-1.00|0.00|1.00|8.00|1.00,DIREITA,0.00
-1.00|-1.00|-1.00|-1.00|0.00|-1.00|0.00|1.00|-1.00|0.00|1.00|8.00|1.00,ESQUERDA,-0.03
-1.00|-1.00|-1.00|-1.00|0.00|-1.00|0.00|1.00|-1.00|0.00|1.00|8.00|1.00,FRENTE,0.00
-1.00|-1.00|-1.00|-1.00|0.00|-1.00|0.00|1.00|-1.00|0.00|1.00|8.00|1.00,MEIA_VOLTA,0.00
0.00|1.00|-1.00|-1.00|-1.00|-1.00|-1.00|0.00|-1.00|0.00|8.00|8.00|8.00,DIREITA,-0.10
0.00|1.00|-1.00|-1.00|-1.00|-1.00|-1.00|0.00|-1.00|0.00|8.00|8.00|8.00,ESQUERDA,0.00
0.00|1.00|-1.00|-1.00|-1.00|-1.00|-1.00|0.00|-1.00|0.00|8.00|8.00|8.00,FRENTE,-0.20
0.00|1.00|-1.00|-1.00|-1.00|-1.00|-1.00|0.00|-1.00|0.00|8.00|8.00|8.00,MEIA_VOLTA,-0.02
1.00|0.00|6.00|-1.00|-1.00|-1.00|-1.00|-1.00|-1.00|0.00|8.00|8.00|8.00,DIREITA,0.21
1.00|0.00|6.00|-1.00|-1.00|-1.00|-1.00|-1.00|-1.00|0.00|8.00|8.00|8.00,ESQUERDA,-0.08
1.00|0.00|6.00|-1.00|-1.00|-1.00|-1.00|-1.00|-1.00|0.00|8.00|8.00|8.00,FRENTE,0.00
1.00|0.00|6.00|-1.00|-1.00|-1.00|-1.00|-1.00|-1.00|0.00|8.00|8.00|8.00,MEIA_VOLTA,-0.02
0.00|1.00|-1.00|-1.00|-1.00|-1.00|-1.00|-1.00|-1.00|0.01|8.00|1.00|8.00,DIREITA,2.48
0.00|1.00|-1.00|-1.00|-1.00|-1.00|-1.00|-1.00|-1.00|0.01|8.00|1.00|8.00,ESQUERDA,49.95
0.00|1.00|-1.00|-1.00|-1.00|-1.00|-1.00|-1.00|-1.00|0.01|8.00|1.00|8.00,FRENTE,4.01
0.00|1.00|-1.00|-1.00|-1.00|-1.00|-1.00|-1.00|-1.00|0.01|8.00|1.00|8.00,MEIA_VOLTA,1.02
-1.00|-1.00|-1.00|0.00|1.00|-1.00|-1.00|-1.00|-1.00|0.01|8.00|1.00|1.00,DIREITA,2.41
-1.00|-1.00|-1.00|0.00|1.00|-1.00|-1.00|-1.00|-1.00|0.01|8.00|1.00|1.00,ESQUERDA,23.32
-1.00|-1.00|-1.00|0.00|1.00|-1.00|-1.00|-1.00|-1.00|0.01|8.00|1.00|1.00,FRENTE,3.96
-1.00|-1.00|-1.00|0.00|1.00|-1.00|-1.00|-1.00|-1.00|0.01|8.00|1.00|1.00,MEIA_VOLTA,0.00
-1.00|-1.00|-1.00|-1.00|0.00|-1.00|0.00|1.00|-1.00|0.00|1.00|1.00|1.00,DIREITA,0.09
-1.00|-1.00|-1.00|-1.00|0.00|-1.00|0.00|1.00|-1.00|0.00|1.00|1.00|1.00,ESQUERDA,-0.08
-1.00|-1.00|-1.00|-1.00|0.00|-1.00|0.00|1.00|-1.00|0.00|1.00|1.00|1.00,FRENTE,0.00
-1.00|-1.00|-1.00|-1.00|0.00|-1.00|0.00|1.00|-1.00|0.00|1.00|1.00|1.00,MEIA_VOLTA,-0.04
1.00|0.00|7.00|-1.00|-1.00|-1.00|-1.00|-1.00|-1.00|0.02|8.00|8.00|8.00,DIREITA,0.00
1.00|0.00|7.00|-1.00|-1.00|-1.00|-1.00|-1.00|-1.00|0.02|8.00|8.00|8.00,ESQUERDA,0.00
1.00|0.00|7.00|-1.00|-1.00|-1.00|-1.00|-1.00|-1.00|0.02|8.00|8.00|8.00,FRENTE,0.00
1.00|0.00|7.00|-1.00|-1.00|-1.00|-1.00|-1.00|-1.00|0.02|8.00|8.00|8.00,MEIA_VOLTA,-0.02
-1.00|-1.00|-1.00|-1.00|-1.00|-1.00|1.00|0.00|7.00|0.02|1.00|1.00|1.00,DIREITA,-0.06
-1.00|-1.00|-1.00|-1.00|-1.00|-1.00|1.00|0.00|7.00|0.02|1.00|1.00|1.00,ESQUERDA,0.00
-1.00|-1.00|-1.00|-1.00|-1.00|-1.00|1.00|0.00|7.00|0.02|1.00|1.00|1.00,FRENTE,0.00
-1.00|-1.00|-1.00|-1.00|-1.00|-1.00|1.00|0.00|7.00|0.02|1.00|1.00|1.00,MEIA_VOLTA,0.00
-1.00|-1.00|-1.00|-1.00|0.00|-1.00|-1.00|-1.00|-1.00|0.03|8.00|8.00|1.00,DIREITA,0.00
-1.00|-1.00|-1.00|-1.00|0.00|-1.00|-1.00|-1.00|-1.00|0.03|8.00|8.00|1.00,ESQUERDA,-0.05
-1.00|-1.00|-1.00|-1.00|0.00|-1.00|-1.00|-1.00|-1.00|0.03|8.00|8.00|1.00,FRENTE,-0.10
-1.00|-1.00|-1.00|-1.00|0.00|-1.00|-1.00|-1.00|-1.00|0.03|8.00|8.00|1.00,MEIA_VOLTA,0.00
-1.00|-1.00|-1.00|0.00|0.00|0.00|-1.00|-1.00|-1.00|0.03|1.00|8.00|8.00,DIREITA,0.00
-1.00|-1.00|-1.00|0.00|0.00|0.00|-1.00|-1.00|-1.00|0.03|1.00|8.00|8.00,ESQUERDA,0.00
-1.00|-1.00|-1.00|0.00|0.00|0.00|-1.00|-1.00|-1.00|0.03|1.00|8.00|8.00,FRENTE,217.04
-1.00|-1.00|-1.00|0.00|0.00|0.00|-1.00|-1.00|-1.00|0.03|1.00|8.00|8.00,MEIA_VOLTA,0.00
0.00|0.00|0.00|-1.00|-1.00|-1.00|-1.00|-1.00|-1.00|0.01|8.00|8.00|8.00,DIREITA,2.51
0.00|0.00|0.00|-1.00|-1.00|-1.00|-1.00|-1.00|-1.00|0.01|8.00|8.00|8.00,ESQUERDA,177.39
0.00|0.00|0.00|-1.00|-1.00|-1.00|-1.00|-1.00|-1.00|0.01|8.00|8.00|8.00,FRENTE,-0.03
0.00|0.00|0.00|-1.00|-1.00|-1.00|-1.00|-1.00|-1.00|0.01|8.00|8.00|8.00,MEIA_VOLTA,28.96
0.00|0.00|0.00|-1.00|-1.00|-1.00|-1.00|0.00|-1.00|0.01|8.00|8.00|8.00,DIREITA,0.00
0.00|0.00|0.00|-1.00|-1.00|-1.00|-1.00|0.00|-1.00|0.01|8.00|8.00|8.00,ESQUERDA,227.23
0.00|0.00|0.00|-1.00|-1.00|-1.00|-1.00|0.00|-1.00|0.01|8.00|8.00|8.00,FRENTE,1.82
0.00|0.00|0.00|-1.00|-1.00|-1.00|-1.00|0.00|-1.00|0.01|8.00|8.00|8.00,MEIA_VOLTA,25.68
-1.00|0.00|-1.00|-1.00|-1.00|-1.00|0.00|0.00|0.00|0.01|1.00|1.00|1.00,DIREITA,169.82
-1.00|0.00|-1.00|-1.00|-1.00|-1.00|0.00|0.00|0.00|0.01|1.00|1.00|1.00,ESQUERDA,2.08
-1.00|0.00|-1.00|-1.00|-1.00|-1.00|0.00|0.00|0.00|0.01|1.00|1.00|1.00,FRENTE,0.70
-1.00|0.00|-1.00|-1.00|-1.00|-1.00|0.00|0.00|0.00|0.01|1.00|1.00|1.00,MEIA_VOLTA,8.11
-1.00|-1.00|-1.00|-1.00|-1.00|-1.00|0.00|0.00|0.00|0.01|1.00|1.00|1.00,DIREITA,193.93
-1.00|-1.00|-1.00|-1.00|-1.00|-1.00|0.00|0.00|0.00|0.01|1.00|1.00|1.00,ESQUERDA,2.40
-1.00|-1.00|-1.00|-1.00|-1.00|-1.00|0.00|0.00|0.00|0.01|1.00|1.00|1.00,FRENTE,4.00
-1.00|-1.00|-1.00|-1.00|-1.00|-1.00|0.00|0.00|0.00|0.01|1.00|1.00|1.00,MEIA_VOLTA,33.42
-1.00|-1.00|-1.00|0.00|0.00|0.00|-1.00|-1.00|-1.00|0.01|1.00|8.00|8.00,DIREITA,5.12
-1.00|-1.00|-1.00|0.00|0.00|0.00|-1.00|-1.00|-1.00|0.01|1.00|8.00|8.00,ESQUERDA,7.47
-1.00|-1.00|-1.00|0.00|0.00|0.00|-1.00|-1.00|-1.00|0.01|1.00|8.00|8.00,FRENTE,201.65
-1.00|-1.00|-1.00|0.00|0.00|0.00|-1.00|-1.00|-1.00|0.01|1.00|8.00|8.00,MEIA_VOLTA,5.88
-1.00|-1.00|-1.00|-1.00|-1.00|-1.00|0.00|0.00|0.00|0.01|1.00|8.00|8.00,DIREITA,214.19
-1.00|-1.00|-1.00|-1.00|-1.00|-1.00|0.00|0.00|0.00|0.01|1.00|8.00|8.00,ESQUERDA,1.52
-1.00|-1.00|-1.00|-1.00|-1.00|-1.00|0.00|0.00|0.00|0.01|1.00|8.00|8.00,FRENTE,0.00
-1.00|-1.00|-1.00|-1.00|-1.00|-1.00|0.00|0.00|0.00|0.01|1.00|8.00|8.00,MEIA_VOLTA,37.38
-1.00|-1.00|-1.00|1.00|0.00|7.00|-1.00|-1.00|-1.00|0.00|1.00|1.00|1.00,DIREITA,-0.10
-1.00|-1.00|-1.00|1.00|0.00|7.00|-1.00|-1.00|-1.00|0.00|1.00|1.00|1.00,ESQUERDA,0.00
-1.00|-1.00|-1.00|1.00|0.00|7.00|-1.00|-1.00|-1.00|0.00|1.00|1.00|1.00,FRENTE,0.00
-1.00|-1.00|-1.00|1.00|0.00|7.00|-1.00|-1.00|-1.00|0.00|1.00|1.00|1.00,MEIA_VOLTA,0.00
-1.00|-1.00|-1.00|1.00|0.00|6.00|-1.00|-1.00|-1.00|0.00|8.00|1.00|1.00,DIREITA,-0.11
-1.00|-1.00|-1.00|1.00|0.00|6.00|-1.00|-1.00|-1.00|0.00|8.00|1.00|1.00,ESQUERDA,-0.10
-1.00|-1.00|-1.00|1.00|0.00|6.00|-1.00|-1.00|-1.00|0.00|8.00|1.00|1.00,FRENTE,21.08
-1.00|-1.00|-1.00|1.00|0.00|6.00|-1.00|-1.00|-1.00|0.00|8.00|1.00|1.00,MEIA_VOLTA,-0.12
-1.00|-1.00|-1.00|-1.00|-1.00|-1.00|1.00|0.00|6.00|0.00|1.00|1.00|1.00,DIREITA,9.12
-1.00|-1.00|-1.00|-1.00|-1.00|-1.00|1.00|0.00|6.00|0.00|1.00|1.00|1.00,ESQUERDA,0.00
-1.00|-1.00|-1.00|-1.00|-1.00|-1.00|1.00|0.00|6.00|0.00|1.00|1.00|1.00,FRENTE,-0.10
-1.00|-1.00|-1.00|-1.00|-1.00|-1.00|1.00|0.00|6.00|0.00|1.00|1.00|1.00,MEIA_VOLTA,0.00
-1.00|-1.00|-1.00|-1.00|-1.00|-1.00|0.00|0.00|0.00|0.01|1.00|1.00|8.00,DIREITA,0.00
-1.00|-1.00|-1.00|-1.00|-1.00|-1.00|0.00|0.00|0.00|0.01|1.00|1.00|8.00,ESQUERDA,15.03
-1.00|-1.00|-1.00|-1.00|-1.00|-1.00|0.00|0.00|0.00|0.01|1.00|1.00|8.00,FRENTE,7.47
-1.00|-1.00|-1.00|-1.00|-1.00|-1.00|0.00|0.00|0.00|0.01|1.00|1.00|8.00,MEIA_VOLTA,170.09
-1.00|-1.00|-1.00|-1.00|0.00|-1.00|-1.00|-1.00|-1.00|0.01|1.00|8.00|8.00,DIREITA,14.51
-1.00|-1.00|-1.00|-1.00|0.00|-1.00|-1.00|-1.00|-1.00|0.01|1.00|8.00|8.00,ESQUERDA,15.91
-1.00|-1.00|-1.00|-1.00|0.00|-1.00|-1.00|-1.00|-1.00|0.01|1.00|8.00|8.00,FRENTE,9.85
-1.00|-1.00|-1.00|-1.00|0.00|-1.00|-1.00|-1.00|-1.00|0.01|1.00|8.00|8.00,MEIA_VOLTA,17.18
-1.00|0.00|-1.00|-1.00|-1.00|-1.00|0.00|1.00|-1.00|0.01|1.00|1.00|1.00,DIREITA,0.06
-1.00|0.00|-1.00|-1.00|-1.00|-1.00|0.00|1.00|-1.00|0.01|1.00|1.00|1.00,ESQUERDA,0.00
-1.00|0.00|-1.00|-1.00|-1.00|-1.00|0.00|1.00|-1.00|0.01|1.00|1.00|1.00,FRENTE,10.86
-1.00|0.00|-1.00|-1.00|-1.00|-1.00|0.00|1.00|-1.00|0.01|1.00|1.00|1.00,MEIA_VOLTA,0.00
-1.00|-1.00|-1.00|0.00|1.00|-1.00|-1.00|-1.00|-1.00|0.01|1.00|8.00|1.00,DIREITA,4.84
-1.00|-1.00|-1.00|0.00|1.00|-1.00|-1.00|-1.00|-1.00|0.01|1.00|8.00|1.00,ESQUERDA,4.87
-1.00|-1.00|-1.00|0.00|1.00|-1.00|-1.00|-1.00|-1.00|0.01|1.00|8.00|1.00,FRENTE,11.41
-1.00|-1.00|-1.00|0.00|1.00|-1.00|-1.00|-1.00|-1.00|0.01|1.00|8.00|1.00,MEIA_VOLTA,7.73
0.00|1.00|-1.00|-1.00|-1.00|-1.00|-1.00|0.00|-1.00|0.01|8.00|8.00|8.00,DIREITA,-0.10
0.00|1.00|-1.00|-1.00|-1.00|-1.00|-1.00|0.00|-1.00|0.01|8.00|8.00|8.00,ESQUERDA,10.76
0.00|1.00|-1.00|-1.00|-1.00|-1.00|-1.00|0.00|-1.00|0.01|8.00|8.00|8.00,FRENTE,-0.05
0.00|1.00|-1.00|-1.00|-1.00|-1.00|-1.00|0.00|-1.00|0.01|8.00|8.00|8.00,MEIA_VOLTA,-0.01
-1.00|-1.00|-1.00|0.00|1.00|-1.00|-1.00|-1.00|-1.00|0.01|1.00|1.00|1.00,DIREITA,9.92
-1.00|-1.00|-1.00|0.00|1.00|-1.00|-1.00|-1.00|-1.00|0.01|1.00|1.00|1.00,ESQUERDA,1.38
-1.00|-1.00|-1.00|0.00|1.00|-1.00|-1.00|-1.00|-1.00|0.01|1.00|1.00|1.00,FRENTE,0.00
-1.00|-1.00|-1.00|0.00|1.00|-1.00|-1.00|-1.00|-1.00|0.01|1.00|1.00|1.00,MEIA_VOLTA,3.11
0.00|0.00|0.00|-1.00|-1.00|-1.00|-1.00|-1.00|-1.00|0.01|8.00|1.00|8.00,DIREITA,0.00
0.00|0.00|0.00|-1.00|-1.00|-1.00|-1.00|-1.00|-1.00|0.01|8.00|1.00|8.00,ESQUERDA,194.89
0.00|0.00|0.00|-1.00|-1.00|-1.00|-1.00|-1.00|-1.00|0.01|8.00|1.00|8.00,FRENTE,3.48
0.00|0.00|0.00|-1.00|-1.00|-1.00|-1.00|-1.00|-1.00|0.01|8.00|1.00|8.00,MEIA_VOLTA,7.71
-1.00|-1.00|-1.00|-1.00|-1.00|-1.00|0.00|0.00|0.00|0.01|1.00|8.00|1.00,DIREITA,78.10
-1.00|-1.00|-1.00|-1.00|-1.00|-1.00|0.00|0.00|0.00|0.01|1.00|8.00|1.00,ESQUERDA,5.15
-1.00|-1.00|-1.00|-1.00|-1.00|-1.00|0.00|0.00|0.00|0.01|1.00|8.00|1.00,FRENTE,2.09
-1.00|-1.00|-1.00|-1.00|-1.00|-1.00|0.00|0.00|0.00|0.01|1.00|8.00|1.00,MEIA_VOLTA,0.00
-1.00|-1.00|-1.00|-1.00|-1.00|-1.00|1.00|0.00|7.00|0.00|8.00|1.00|8.00,DIREITA,3.14
-1.00|-1.00|-1.00|-1.00|-1.00|-1.00|1.00|0.00|7.00|0.00|8.00|1.00|8.00,ESQUERDA,-0.12
-1.00|-1.00|-1.00|-1.00|-1.00|-1.00|1.00|0.00|7.00|0.00|8.00|1.00|8.00,FRENTE,0.00
-1.00|-1.00|-1.00|-1.00|-1.00|-1.00|1.00|0.00|7.00|0.00|8.00|1.00|8.00,MEIA_VOLTA,0.00
-1.00|-1.00|-1.00|-1.00|-1.00|-1.00|1.00|0.00|7.00|0.00|1.00|1.00|1.00,DIREITA,0.00
-1.00|-1.00|-1.00|-1.00|-1.00|-1.00|1.00|0.00|7.00|0.00|1.00|1.00|1.00,ESQUERDA,0.00
-1.00|-1.00|-1.00|-1.00|-1.00|-1.00|1.00|0.00|7.00|0.00|1.00|1.00|1.00,FRENTE,-0.23
-1.00|-1.00|-1.00|-1.00|-1.00|-1.00|1.00|0.00|7.00|0.00|1.00|1.00|1.00,MEIA_VOLTA,0.00
1.00|0.00|7.00|-1.00|-1.00|-1.00|-1.00|-1.00|-1.00|0.00|8.00|8.00|8.00,DIREITA,-0.10
1.00|0.00|7.00|-1.00|-1.00|-1.00|-1.00|-1.00|-1.00|0.00|8.00|8.00|8.00,ESQUERDA,4.68
1.00|0.00|7.00|-1.00|-1.00|-1.00|-1.00|-1.00|-1.00|0.00|8.00|8.00|8.00,FRENTE,-0.10
1.00|0.00|7.00|-1.00|-1.00|-1.00|-1.00|-1.00|-1.00|0.00|8.00|8.00|8.00,MEIA_VOLTA,-0.02
-1.00|-1.00|-1.00|1.00|0.00|6.00|-1.00|-1.00|-1.00|0.01|1.00|1.00|1.00,DIREITA,0.00
-1.00|-1.00|-1.00|1.00|0.00|6.00|-1.00|-1.00|-1.00|0.01|1.00|1.00|1.00,ESQUERDA,0.00
-1.00|-1.00|-1.00|1.00|0.00|6.00|-1.00|-1.00|-1.00|0.01|1.00|1.00|1.00,FRENTE,0.00
-1.00|-1.00|-1.00|1.00|0.00|6.00|-1.00|-1.00|-1.00|0.01|1.00|1.00|1.00,MEIA_VOLTA,10.31
-1.00|-1.00|-1.00|1.00|0.00|6.00|-1.00|-1.00|-1.00|0.01|1.00|1.00|8.00,DIREITA,2.71
-1.00|-1.00|-1.00|1.00|0.00|6.00|-1.00|-1.00|-1.00|0.01|1.00|1.00|8.00,ESQUERDA,0.43
-1.00|-1.00|-1.00|1.00|0.00|6.00|-1.00|-1.00|-1.00|0.01|1.00|1.00|8.00,FRENTE,0.00
-1.00|-1.00|-1.00|1.00|0.00|6.00|-1.00|-1.00|-1.00|0.01|1.00|1.00|8.00,MEIA_VOLTA,0.00
-1.00|0.00|-1.00|-1.00|-1.00|-1.00|0.00|0.00|0.00|0.00|1.00|1.00|8.00,DIREITA,-5.13
-1.00|0.00|-1.00|-1.00|-1.00|-1.00|0.00|0.00|0.00|0.00|1.00|1.00|8.00,ESQUERDA,-0.19
-1.00|0.00|-1.00|-1.00|-1.00|-1.00|0.00|0.00|0.00|0.00|1.00|1.00|8.00,FRENTE,-0.11
-1.00|0.00|-1.00|-1.00|-1.00|-1.00|0.00|0.00|0.00|0.00|1.00|1.00|8.00,MEIA_VOLTA,-0.05
0.00|0.00|0.00|-1.00|-1.00|-1.00|-1.00|0.00|-1.00|0.00|8.00|8.00|1.00,DIREITA,-0.10
0.00|0.00|0.00|-1.00|-1.00|-1.00|-1.00|0.00|-1.00|0.00|8.00|8.00|1.00,ESQUERDA,-3.78
0.00|0.00|0.00|-1.00|-1.00|-1.00|-1.00|0.00|-1.00|0.00|8.00|8.00|1.00,FRENTE,-0.08
0.00|0.00|0.00|-1.00|-1.00|-1.00|-1.00|0.00|-1.00|0.00|8.00|8.00|1.00,MEIA_VOLTA,-0.05
-1.00|-1.00|-1.00|1.00|0.00|6.00|-1.00|-1.00|-1.00|0.00|8.00|1.00|8.00,DIREITA,-0.07
-1.00|-1.00|-1.00|1.00|0.00|6.00|-1.00|-1.00|-1.00|0.00|8.00|1.00|8.00,ESQUERDA,-0.12
-1.00|-1.00|-1.00|1.00|0.00|6.00|-1.00|-1.00|-1.00|0.00|8.00|1.00|8.00,FRENTE,4.06
-1.00|-1.00|-1.00|1.00|0.00|6.00|-1.00|-1.00|-1.00|0.00|8.00|1.00|8.00,MEIA_VOLTA,-0.05
-1.00|-1.00|-1.00|-1.00|-1.00|-1.00|1.00|0.00|6.00|0.01|8.00|1.00|1.00,DIREITA,0.00
-1.00|-1.00|-1.00|-1.00|-1.00|-1.00|1.00|0.00|6.00|0.01|8.00|1.00|1.00,ESQUERDA,0.84
-1.00|-1.00|-1.00|-1.00|-1.00|-1.00|1.00|0.00|6.00|0.01|8.00|1.00|1.00,FRENTE,7.92
-1.00|-1.00|-1.00|-1.00|-1.00|-1.00|1.00|0.00|6.00|0.01|8.00|1.00|1.00,MEIA_VOLTA,0.11
-1.00|-1.00|-1.00|1.00|0.00|6.00|-1.00|-1.00|-1.00|0.00|1.00|1.00|8.00,DIREITA,0.00
-1.00|-1.00|-1.00|1.00|0.00|6.00|-1.00|-1.00|-1.00|0.00|1.00|1.00|8.00,ESQUERDA,-0.15
-1.00|-1.00|-1.00|1.00|0.00|6.00|-1.00|-1.00|-1.00|0.00|1.00|1.00|8.00,FRENTE,8.06
-1.00|-1.00|-1.00|1.00|0.00|6.00|-1.00|-1.00|-1.00|0.00|1.00|1.00|8.00,MEIA_VOLTA,0.00
1.00|0.00|6.00|-1.00|-1.00|-1.00|-1.00|-1.00|-1.00|0.00|8.00|8.00|1.00,DIREITA,0.00
1.00|0.00|6.00|-1.00|-1.00|-1.00|-1.00|-1.00|-1.00|0.00|8.00|8.00|1.00,ESQUERDA,39.00
1.00|0.00|6.00|-1.00|-1.00|-1.00|-1.00|-1.00|-1.00|0.00|8.00|8.00|1.00,FRENTE,0.27
1.00|0.00|6.00|-1.00|-1.00|-1.00|-1.00|-1.00|-1.00|0.00|8.00|8.00|1.00,MEIA_VOLTA,0.00
0.00|0.00|0.00|-1.00|-1.00|-1.00|-1.00|-1.00|-1.00|0.01|8.00|1.00|1.00,DIREITA,5.34
0.00|0.00|0.00|-1.00|-1.00|-1.00|-1.00|-1.00|-1.00|0.01|8.00|1.00|1.00,ESQUERDA,225.18
0.00|0.00|0.00|-1.00|-1.00|-1.00|-1.00|-1.00|-1.00|0.01|8.00|1.00|1.00,FRENTE,18.58
0.00|0.00|0.00|-1.00|-1.00|-1.00|-1.00|-1.00|-1.00|0.01|8.00|1.00|1.00,MEIA_VOLTA,50.44
-1.00|-1.00|-1.00|-1.00|0.00|-1.00|-1.00|-1.00|-1.00|0.01|8.00|1.00|1.00,DIREITA,10.63
-1.00|-1.00|-1.00|-1.00|0.00|-1.00|-1.00|-1.00|-1.00|0.01|8.00|1.00|1.00,ESQUERDA,100.84
-1.00|-1.00|-1.00|-1.00|0.00|-1.00|-1.00|-1.00|-1.00|0.01|8.00|1.00|1.00,FRENTE,9.74
-1.00|-1.00|-1.00|-1.00|0.00|-1.00|-1.00|-1.00|-1.00|0.01|8.00|1.00|1.00,MEIA_VOLTA,8.39
-1.00|-1.00|-1.00|0.00|1.00|-1.00|-1.00|-1.00|-1.00|0.01|8.00|8.00|1.00,DIREITA,3.20
-1.00|-1.00|-1.00|0.00|1.00|-1.00|-1.00|-1.00|-1.00|0.01|8.00|8.00|1.00,ESQUERDA,0.00
-1.00|-1.00|-1.00|0.00|1.00|-1.00|-1.00|-1.00|-1.00|0.01|8.00|8.00|1.00,FRENTE,11.86
-1.00|-1.00|-1.00|0.00|1.00|-1.00|-1.00|-1.00|-1.00|0.01|8.00|8.00|1.00,MEIA_VOLTA,0.00
0.00|1.00|-1.00|-1.00|-1.00|-1.00|-1.00|-1.00|-1.00|0.01|8.00|8.00|8.00,DIREITA,2.61
0.00|1.00|-1.00|-1.00|-1.00|-1.00|-1.00|-1.00|-1.00|0.01|8.00|8.00|8.00,ESQUERDA,0.00
0.00|1.00|-1.00|-1.00|-1.00|-1.00|-1.00|-1.00|-1.00|0.01|8.00|8.00|8.00,FRENTE,9.00
0.00|1.00|-1.00|-1.00|-1.00|-1.00|-1.00|-1.00|-1.00|0.01|8.00|8.00|8.00,MEIA_VOLTA,1.54
-1.00|-1.00|-1.00|-1.00|-1.00|-1.00|0.00|1.00|-1.00|0.01|1.00|1.00|1.00,DIREITA,9.36
-1.00|-1.00|-1.00|-1.00|-1.00|-1.00|0.00|1.00|-1.00|0.01|1.00|1.00|1.00,ESQUERDA,2.31
-1.00|-1.00|-1.00|-1.00|-1.00|-1.00|0.00|1.00|-1.00|0.01|1.00|1.00|1.00,FRENTE,19.02
-1.00|-1.00|-1.00|-1.00|-1.00|-1.00|0.00|1.00|-1.00|0.01|1.00|1.00|1.00,MEIA_VOLTA,0.00
-1.00|-1.00|-1.00|-1.00|-1.00|-1.00|0.00|1.00|-1.00|0.01|1.00|8.00|1.00,DIREITA,20.31
-1.00|-1.00|-1.00|-1.00|-1.00|-1.00|0.00|1.00|-1.00|0.01|1.00|8.00|1.00,ESQUERDA,2.73
-1.00|-1.00|-1.00|-1.00|-1.00|-1.00|0.00|1.00|-1.00|0.01|1.00|8.00|1.00,FRENTE,5.75
-1.00|-1.00|-1.00|-1.00|-1.00|-1.00|0.00|1.00|-1.00|0.01|1.00|8.00|1.00,MEIA_VOLTA,0.00
-1.00|-1.00|-1.00|-1.00|-1.00|-1.00|-1.00|0.00|-1.00|0.01|8.00|8.00|1.00,DIREITA,1.09
-1.00|-1.00|-1.00|-1.00|-1.00|-1.00|-1.00|0.00|-1.00|0.01|8.00|8.00|1.00,ESQUERDA,47.76
-1.00|-1.00|-1.00|-1.00|-1.00|-1.00|-1.00|0.00|-1.00|0.01|8.00|8.00|1.00,FRENTE,6.80
-1.00|-1.00|-1.00|-1.00|-1.00|-1.00|-1.00|0.00|-1.00|0.01|8.00|8.00|1.00,MEIA_VOLTA,3.73
-1.00|-1.00|-1.00|-1.00|-1.00|-1.00|1.00|0.00|7.00|0.01|1.00|1.00|1.00,DIREITA,5.51
-1.00|-1.00|-1.00|-1.00|-1.00|-1.00|1.00|0.00|7.00|0.01|1.00|1.00|1.00,ESQUERDA,2.23
-1.00|-1.00|-1.00|-1.00|-1.00|-1.00|1.00|0.00|7.00|0.01|1.00|1.00|1.00,FRENTE,0.00
-1.00|-1.00|-1.00|-1.00|-1.00|-1.00|1.00|0.00|7.00|0.01|1.00|1.00|1.00,MEIA_VOLTA,0.00
1.00|0.00|6.00|-1.00|-1.00|-1.00|-1.00|-1.00|-1.00|0.03|8.00|8.00|8.00,DIREITA,0.00
1.00|0.00|6.00|-1.00|-1.00|-1.00|-1.00|-1.00|-1.00|0.03|8.00|8.00|8.00,ESQUERDA,0.00
1.00|0.00|6.00|-1.00|-1.00|-1.00|-1.00|-1.00|-1.00|0.03|8.00|8.00|8.00,FRENTE,0.00
1.00|0.00|6.00|-1.00|-1.00|-1.00|-1.00|-1.00|-1.00|0.03|8.00|8.00|8.00,MEIA_VOLTA,-0.02
-1.00|-1.00|-1.00|-1.00|-1.00|-1.00|1.00|0.00|6.00|0.03|1.00|1.00|1.00,DIREITA,-0.03
-1.00|-1.00|-1.00|-1.00|-1.00|-1.00|1.00|0.00|6.00|0.03|1.00|1.00|1.00,ESQUERDA,0.00
-1.00|-1.00|-1.00|-1.00|-1.00|-1.00|1.00|0.00|6.00|0.03|1.00|1.00|1.00,FRENTE,0.00
-1.00|-1.00|-1.00|-1.00|-1.00|-1.00|1.00|0.00|6.00|0.03|1.00|1.00|1.00,MEIA_VOLTA,0.00
1.00|0.00|6.00|-1.00|-1.00|-1.00|-1.00|-1.00|-1.00|0.04|1.00|8.00|8.00,DIREITA,0.00
1.00|0.00|6.00|-1.00|-1.00|-1.00|-1.00|-1.00|-1.00|0.04|1.00|8.00|8.00,ESQUERDA,-0.03
1.00|0.00|6.00|-1.00|-1.00|-1.00|-1.00|-1.00|-1.00|0.04|1.00|8.00|8.00,FRENTE,0.00
1.00|0.00|6.00|-1.00|-1.00|-1.00|-1.00|-1.00|-1.00|0.04|1.00|8.00|8.00,MEIA_VOLTA,0.00
-1.00|-1.00|-1.00|-1.00|0.00|-1.00|-1.00|-1.00|-1.00|0.05|1.00|8.00|8.00,DIREITA,0.00
-1.00|-1.00|-1.00|-1.00|0.00|-1.00|-1.00|-1.00|-1.00|0.05|1.00|8.00|8.00,ESQUERDA,0.00
-1.00|-1.00|-1.00|-1.00|0.00|-1.00|-1.00|-1.00|-1.00|0.05|1.00|8.00|8.00,FRENTE,0.00
-1.00|-1.00|-1.00|-1.00|0.00|-1.00|-1.00|-1.00|-1.00|0.05|1.00|8.00|8.00,MEIA_VOLTA,-0.05
-1.00|0.00|-1.00|-1.00|0.00|-1.00|-1.00|-1.00|-1.00|0.05|1.00|1.00|1.00,DIREITA,-0.03
-1.00|0.00|-1.00|-1.00|0.00|-1.00|-1.00|-1.00|-1.00|0.05|1.00|1.00|1.00,ESQUERDA,0.00
-1.00|0.00|-1.00|-1.00|0.00|-1.00|-1.00|-1.00|-1.00|0.05|1.00|1.00|1.00,FRENTE,0.00
-1.00|0.00|-1.00|-1.00|0.00|-1.00|-1.00|-1.00|-1.00|0.05|1.00|1.00|1.00,MEIA_VOLTA,0.00
-1.00|-1.00|-1.00|-1.00|0.00|-1.00|-1.00|-1.00|-1.00|0.05|1.00|1.00|1.00,DIREITA,-0.03
-1.00|-1.00|-1.00|-1.00|0.00|-1.00|-1.00|-1.00|-1.00|0.05|1.00|1.00|1.00,ESQUERDA,-0.03
-1.00|-1.00|-1.00|-1.00|0.00|-1.00|-1.00|-1.00|-1.00|0.05|1.00|1.00|1.00,FRENTE,0.00
-1.00|-1.00|-1.00|-1.00|0.00|-1.00|-1.00|-1.00|-1.00|0.05|1.00|1.00|1.00,MEIA_VOLTA,0.00
0.00|0.00|0.00|-1.00|-1.00|-1.00|-1.00|-1.00|-1.00|0.05|8.00|1.00|8.00,DIREITA,0.00
0.00|0.00|0.00|-1.00|-1.00|-1.00|-1.00|-1.00|-1.00|0.05|8.00|1.00|8.00,ESQUERDA,0.00
0.00|0.00|0.00|-1.00|-1.00|-1.00|-1.00|-1.00|-1.00|0.05|8.00|1.00|8.00,FRENTE,0.00
0.00|0.00|0.00|-1.00|-1.00|-1.00|-1.00|-1.00|-1.00|0.05|8.00|1.00|8.00,MEIA_VOLTA,-0.02
-1.00|-1.00|-1.00|-1.00|-1.00|-1.00|0.00|0.00|0.00|0.05|1.00|8.00|1.00,DIREITA,0.00
-1.00|-1.00|-1.00|-1.00|-1.00|-1.00|0.00|0.00|0.00|0.05|1.00|8.00|1.00,ESQUERDA,0.00
-1.00|-1.00|-1.00|-1.00|-1.00|-1.00|0.00|0.00|0.00|0.05|1.00|8.00|1.00,FRENTE,-0.02
-1.00|-1.00|-1.00|-1.00|-1.00|-1.00|0.00|0.00|0.00|0.05|1.00|8.00|1.00,MEIA_VOLTA,0.00
-1.00|-1.00|-1.00|-1.00|0.00|-1.00|-1.00|-1.00|-1.00|0.05|1.00|8.00|1.00,DIREITA,0.00
-1.00|-1.00|-1.00|-1.00|0.00|-1.00|-1.00|-1.00|-1.00|0.05|1.00|8.00|1.00,ESQUERDA,-0.03
-1.00|-1.00|-1.00|-1.00|0.00|-1.00|-1.00|-1.00|-1.00|0.05|1.00|8.00|1.00,FRENTE,0.00
-1.00|-1.00|-1.00|-1.00|0.00|-1.00|-1.00|-1.00|-1.00|0.05|1.00|8.00|1.00,MEIA_VOLTA,0.00
0.00|0.00|0.00|-1.00|-1.00|-1.00|-1.00|-1.00|-1.00|0.05|8.00|8.00|1.00,DIREITA,0.00
0.00|0.00|0.00|-1.00|-1.00|-1.00|-1.00|-1.00|-1.00|0.05|8.00|8.00|1.00,ESQUERDA,0.00
0.00|0.00|0.00|-1.00|-1.00|-1.00|-1.00|-1.00|-1.00|0.05|8.00|8.00|1.00,FRENTE,0.00
0.00|0.00|0.00|-1.00|-1.00|-1.00|-1.00|-1.00|-1.00|0.05|8.00|8.00|1.00,MEIA_VOLTA,-0.02
-1.00|-1.00|-1.00|-1.00|-1.00|-1.00|0.00|0.00|0.00|0.05|1.00|1.00|8.00,DIREITA,183.90
-1.00|-1.00|-1.00|-1.00|-1.00|-1.00|0.00|0.00|0.00|0.05|1.00|1.00|8.00,ESQUERDA,0.00
-1.00|-1.00|-1.00|-1.00|-1.00|-1.00|0.00|0.00|0.00|0.05|1.00|1.00|8.00,FRENTE,0.00
-1.00|-1.00|-1.00|-1.00|-1.00|-1.00|0.00|0.00|0.00|0.05|1.00|1.00|8.00,MEIA_VOLTA,0.00
-1.00|-1.00|-1.00|0.00|0.00|0.00|-1.00|-1.00|-1.00|0.02|1.00|8.00|8.00,DIREITA,0.00
-1.00|-1.00|-1.00|0.00|0.00|0.00|-1.00|-1.00|-1.00|0.02|1.00|8.00|8.00,ESQUERDA,0.00
-1.00|-1.00|-1.00|0.00|0.00|0.00|-1.00|-1.00|-1.00|0.02|1.00|8.00|8.00,FRENTE,147.46
-1.00|-1.00|-1.00|0.00|0.00|0.00|-1.00|-1.00|-1.00|0.02|1.00|8.00|8.00,MEIA_VOLTA,1.85
-1.00|-1.00|-1.00|1.00|0.00|7.00|-1.00|-1.00|-1.00|0.01|8.00|1.00|1.00,DIREITA,1.15
-1.00|-1.00|-1.00|1.00|0.00|7.00|-1.00|-1.00|-1.00|0.01|8.00|1.00|1.00,ESQUERDA,1.44
-1.00|-1.00|-1.00|1.00|0.00|7.00|-1.00|-1.00|-1.00|0.01|8.00|1.00|1.00,FRENTE,10.28
-1.00|-1.00|-1.00|1.00|0.00|7.00|-1.00|-1.00|-1.00|0.01|8.00|1.00|1.00,MEIA_VOLTA,0.00
1.00|0.00|7.00|-1.00|-1.00|-1.00|-1.00|-1.00|-1.00|0.01|8.00|8.00|8.00,DIREITA,0.00
1.00|0.00|7.00|-1.00|-1.00|-1.00|-1.00|-1.00|-1.00|0.01|8.00|8.00|8.00,ESQUERDA,0.00
1.00|0.00|7.00|-1.00|-1.00|-1.00|-1.00|-1.00|-1.00|0.01|8.00|8.00|8.00,FRENTE,1.83
1.00|0.00|7.00|-1.00|-1.00|-1.00|-1.00|-1.00|-1.00|0.01|8.00|8.00|8.00,MEIA_VOLTA,0.00
-1.00|-1.00|-1.00|-1.00|0.00|-1.00|-1.00|-1.00|-1.00|0.02|1.00|1.00|8.00,DIREITA,14.63
-1.00|-1.00|-1.00|-1.00|0.00|-1.00|-1.00|-1.00|-1.00|0.02|1.00|1.00|8.00,ESQUERDA,2.05
-1.00|-1.00|-1.00|-1.00|0.00|-1.00|-1.00|-1.00|-1.00|0.02|1.00|1.00|8.00,FRENTE,1.18
-1.00|-1.00|-1.00|-1.00|0.00|-1.00|-1.00|-1.00|-1.00|0.02|1.00|1.00|8.00,MEIA_VOLTA,1.53
-1.00|-1.00|-1.00|-1.00|-1.00|-1.00|1.00|0.00|6.00|0.02|1.00|1.00|1.00,DIREITA,0.00
-1.00|-1.00|-1.00|-1.00|-1.00|-1.00|1.00|0.00|6.00|0.02|1.00|1.00|1.00,ESQUERDA,0.00
-1.00|-1.00|-1.00|-1.00|-1.00|-1.00|1.00|0.00|6.00|0.02|1.00|1.00|1.00,FRENTE,0.00
-1.00|-1.00|-1.00|-1.00|-1.00|-1.00|1.00|0.00|6.00|0.02|1.00|1.00|1.00,MEIA_VOLTA,-0.04
1.00|0.00|6.00|-1.00|-1.00|-1.00|-1.00|-1.00|-1.00|0.02|8.00|8.00|8.00,DIREITA,3.39
1.00|0.00|6.00|-1.00|-1.00|-1.00|-1.00|-1.00|-1.00|0.02|8.00|8.00|8.00,ESQUERDA,0.00
1.00|0.00|6.00|-1.00|-1.00|-1.00|-1.00|-1.00|-1.00|0.02|8.00|8.00|8.00,FRENTE,0.00
1.00|0.00|6.00|-1.00|-1.00|-1.00|-1.00|-1.00|-1.00|0.02|8.00|8.00|8.00,MEIA_VOLTA,-0.02
-1.00|-1.00|-1.00|0.00|0.00|0.00|-1.00|-1.00|-1.00|0.03|1.00|1.00|8.00,DIREITA,0.00
-1.00|-1.00|-1.00|0.00|0.00|0.00|-1.00|-1.00|-1.00|0.03|1.00|1.00|8.00,ESQUERDA,0.76
-1.00|-1.00|-1.00|0.00|0.00|0.00|-1.00|-1.00|-1.00|0.03|1.00|1.00|8.00,FRENTE,0.00
-1.00|-1.00|-1.00|0.00|0.00|0.00|-1.00|-1.00|-1.00|0.03|1.00|1.00|8.00,MEIA_VOLTA,0.00
-1.00|-1.00|-1.00|0.00|1.00|-1.00|-1.00|-1.00|-1.00|0.03|1.00|1.00|1.00,DIREITA,0.00
-1.00|-1.00|-1.00|0.00|1.00|-1.00|-1.00|-1.00|-1.00|0.03|1.00|1.00|1.00,ESQUERDA,0.00
-1.00|-1.00|-1.00|0.00|1.00|-1.00|-1.00|-1.00|-1.00|0.03|1.00|1.00|1.00,FRENTE,0.00
-1.00|-1.00|-1.00|0.00|1.00|-1.00|-1.00|-1.00|-1.00|0.03|1.00|1.00|1.00,MEIA_VOLTA,0.00
-1.00|-1.00|-1.00|-1.00|-1.00|-1.00|0.00|1.00|-1.00|0.03|1.00|1.00|1.00,DIREITA,0.00
-1.00|-1.00|-1.00|-1.00|-1.00|-1.00|0.00|1.00|-1.00|0.03|1.00|1.00|1.00,ESQUERDA,0.00
-1.00|-1.00|-1.00|-1.00|-1.00|-1.00|0.00|1.00|-1.00|0.03|1.00|1.00|1.00,FRENTE,0.00
-1.00|-1.00|-1.00|-1.00|-1.00|-1.00|0.00|1.00|-1.00|0.03|1.00|1.00|1.00,MEIA_VOLTA,-0.02
0.00|1.00|-1.00|-1.00|-1.00|-1.00|-1.00|-1.00|-1.00|0.03|8.00|8.00|8.00,DIREITA,0.00
0.00|1.00|-1.00|-1.00|-1.00|-1.00|-1.00|-1.00|-1.00|0.03|8.00|8.00|8.00,ESQUERDA,0.00
0.00|1.00|-1.00|-1.00|-1.00|-1.00|-1.00|-1.00|-1.00|0.03|8.00|8.00|8.00,FRENTE,0.00
0.00|1.00|-1.00|-1.00|-1.00|-1.00|-1.00|-1.00|-1.00|0.03|8.00|8.00|8.00,MEIA_VOLTA,0.00
-1.00|-1.00|-1.00|-1.00|-1.00|-1.00|1.00|0.00|5.00|0.03|1.00|1.00|8.00,DIREITA,0.00
-1.00|-1.00|-1.00|-1.00|-1.00|-1.00|1.00|0.00|5.00|0.03|1.00|1.00|8.00,ESQUERDA,0.51
-1.00|-1.00|-1.00|-1.00|-1.00|-1.00|1.00|0.00|5.00|0.03|1.00|1.00|8.00,FRENTE,0.29
-1.00|-1.00|-1.00|-1.00|-1.00|-1.00|1.00|0.00|5.00|0.03|1.00|1.00|8.00,MEIA_VOLTA,0.00
-1.00|-1.00|-1.00|-1.00|-1.00|-1.00|1.00|0.00|5.00|0.03|1.00|1.00|1.00,DIREITA,-0.12
-1.00|-1.00|-1.00|-1.00|-1.00|-1.00|1.00|0.00|5.00|0.03|1.00|1.00|1.00,ESQUERDA,0.00
-1.00|-1.00|-1.00|-1.00|-1.00|-1.00|1.00|0.00|5.00|0.03|1.00|1.00|1.00,FRENTE,1.06
-1.00|-1.00|-1.00|-1.00|-1.00|-1.00|1.00|0.00|5.00|0.03|1.00|1.00|1.00,MEIA_VOLTA,0.00
-1.00|-1.00|-1.00|-1.00|-1.00|-1.00|0.00|0.00|0.00|0.04|1.00|1.00|8.00,DIREITA,0.00
-1.00|-1.00|-1.00|-1.00|-1.00|-1.00|0.00|0.00|0.00|0.04|1.00|1.00|8.00,ESQUERDA,-0.14
-1.00|-1.00|-1.00|-1.00|-1.00|-1.00|0.00|0.00|0.00|0.04|1.00|1.00|8.00,FRENTE,-0.09
-1.00|-1.00|-1.00|-1.00|-1.00|-1.00|0.00|0.00|0.00|0.04|1.00|1.00|8.00,MEIA_VOLTA,-0.02
-1.00|-1.00|-1.00|-1.00|0.00|-1.00|-1.00|-1.00|-1.00|0.04|1.00|1.00|8.00,DIREITA,0.00
-1.00|-1.00|-1.00|-1.00|0.00|-1.00|-1.00|-1.00|-1.00|0.04|1.00|1.00|8.00,ESQUERDA,-0.02
-1.00|-1.00|-1.00|-1.00|0.00|-1.00|-1.00|-1.00|-1.00|0.04|1.00|1.00|8.00,FRENTE,0.00
-1.00|-1.00|-1.00|-1.00|0.00|-1.00|-1.00|-1.00|-1.00|0.04|1.00|1.00|8.00,MEIA_VOLTA,0.00
-1.00|-1.00|-1.00|-1.00|-1.00|-1.00|-1.00|0.00|-1.00|0.04|8.00|1.00|8.00,DIREITA,-0.59
-1.00|-1.00|-1.00|-1.00|-1.00|-1.00|-1.00|0.00|-1.00|0.04|8.00|1.00|8.00,ESQUERDA,-0.30
-1.00|-1.00|-1.00|-1.00|-1.00|-1.00|-1.00|0.00|-1.00|0.04|8.00|1.00|8.00,FRENTE,-0.25
-1.00|-1.00|-1.00|-1.00|-1.00|-1.00|-1.00|0.00|-1.00|0.04|8.00|1.00|8.00,MEIA_VOLTA,-0.29
-1.00|-1.00|-1.00|-1.00|0.00|-1.00|-1.00|-1.00|-1.00|0.04|1.00|1.00|1.00,DIREITA,-0.15
-1.00|-1.00|-1.00|-1.00|0.00|-1.00|-1.00|-1.00|-1.00|0.04|1.00|1.00|1.00,ESQUERDA,-0.09
-1.00|-1.00|-1.00|-1.00|0.00|-1.00|-1.00|-1.00|-1.00|0.04|1.00|1.00|1.00,FRENTE,-0.18
-1.00|-1.00|-1.00|-1.00|0.00|-1.00|-1.00|-1.00|-1.00|0.04|1.00|1.00|1.00,MEIA_VOLTA,-0.11
-1.00|-1.00|-1.00|-1.00|0.00|-1.00|-1.00|0.00|-1.00|0.04|8.00|1.00|8.00,DIREITA,-0.18
-1.00|-1.00|-1.00|-1.00|0.00|-1.00|-1.00|0.00|-1.00|0.04|8.00|1.00|8.00,ESQUERDA,-0.04
-1.00|-1.00|-1.00|-1.00|0.00|-1.00|-1.00|0.00|-1.00|0.04|8.00|1.00|8.00,FRENTE,-0.10
-1.00|-1.00|-1.00|-1.00|0.00|-1.00|-1.00|0.00|-1.00|0.04|8.00|1.00|8.00,MEIA_VOLTA,-0.10
-1.00|-1.00|-1.00|-1.00|0.00|-1.00|-1.00|-1.00|-1.00|0.04|8.00|1.00|8.00,DIREITA,-0.05
-1.00|-1.00|-1.00|-1.00|0.00|-1.00|-1.00|-1.00|-1.00|0.04|8.00|1.00|8.00,ESQUERDA,-0.06
-1.00|-1.00|-1.00|-1.00|0.00|-1.00|-1.00|-1.00|-1.00|0.04|8.00|1.00|8.00,FRENTE,-0.18
-1.00|-1.00|-1.00|-1.00|0.00|-1.00|-1.00|-1.00|-1.00|0.04|8.00|1.00|8.00,MEIA_VOLTA,-0.10
-1.00|-1.00|-1.00|-1.00|-1.00|-1.00|0.00|1.00|-1.00|0.04|8.00|1.00|1.00,DIREITA,0.00
-1.00|-1.00|-1.00|-1.00|-1.00|-1.00|0.00|1.00|-1.00|0.04|8.00|1.00|1.00,ESQUERDA,0.00
-1.00|-1.00|-1.00|-1.00|-1.00|-1.00|0.00|1.00|-1.00|0.04|8.00|1.00|1.00,FRENTE,0.00
-1.00|-1.00|-1.00|-1.00|-1.00|-1.00|0.00|1.00|-1.00|0.04|8.00|1.00|1.00,MEIA_VOLTA,0.00
-1.00|-1.00|-1.00|0.00|1.00|-1.00|-1.00|-1.00|-1.00|0.04|8.00|1.00|1.00,DIREITA,-0.08
-1.00|-1.00|-1.00|0.00|1.00|-1.00|-1.00|-1.00|-1.00|0.04|8.00|1.00|1.00,ESQUERDA,0.00
-1.00|-1.00|-1.00|0.00|1.00|-1.00|-1.00|-1.00|-1.00|0.04|8.00|1.00|1.00,FRENTE,-0.07
-1.00|-1.00|-1.00|0.00|1.00|-1.00|-1.00|-1.00|-1.00|0.04|8.00|1.00|1.00,MEIA_VOLTA,0.00
0.00|1.00|-1.00|-1.00|-1.00|-1.00|-1.00|-1.00|-1.00|0.04|8.00|1.00|8.00,DIREITA,0.00
0.00|1.00|-1.00|-1.00|-1.00|-1.00|-1.00|-1.00|-1.00|0.04|8.00|1.00|8.00,ESQUERDA,-0.09
0.00|1.00|-1.00|-1.00|-1.00|-1.00|-1.00|-1.00|-1.00|0.04|8.00|1.00|8.00,FRENTE,0.00
0.00|1.00|-1.00|-1.00|-1.00|-1.00|-1.00|-1.00|-1.00|0.04|8.00|1.00|8.00,MEIA_VOLTA,0.00
0.00|1.00|-1.00|-1.00|-1.00|-1.00|-1.00|-1.00|-1.00|0.04|1.00|1.00|8.00,DIREITA,-0.07
0.00|1.00|-1.00|-1.00|-1.00|-1.00|-1.00|-1.00|-1.00|0.04|1.00|1.00|8.00,ESQUERDA,0.00
0.00|1.00|-1.00|-1.00|-1.00|-1.00|-1.00|-1.00|-1.00|0.04|1.00|1.00|8.00,FRENTE,0.00
0.00|1.00|-1.00|-1.00|-1.00|-1.00|-1.00|-1.00|-1.00|0.04|1.00|1.00|8.00,MEIA_VOLTA,0.00
0.00|0.00|0.00|-1.00|-1.00|-1.00|-1.00|-1.00|-1.00|0.04|8.00|1.00|1.00,DIREITA,-0.11
0.00|0.00|0.00|-1.00|-1.00|-1.00|-1.00|-1.00|-1.00|0.04|8.00|1.00|1.00,ESQUERDA,0.00
0.00|0.00|0.00|-1.00|-1.00|-1.00|-1.00|-1.00|-1.00|0.04|8.00|1.00|1.00,FRENTE,0.00
0.00|0.00|0.00|-1.00|-1.00|-1.00|-1.00|-1.00|-1.00|0.04|8.00|1.00|1.00,MEIA_VOLTA,-0.02
-1.00|-1.00|-1.00|-1.00|-1.00|-1.00|0.00|0.00|0.00|0.04|1.00|1.00|1.00,DIREITA,141.94
-1.00|-1.00|-1.00|-1.00|-1.00|-1.00|0.00|0.00|0.00|0.04|1.00|1.00|1.00,ESQUERDA,0.00
-1.00|-1.00|-1.00|-1.00|-1.00|-1.00|0.00|0.00|0.00|0.04|1.00|1.00|1.00,FRENTE,0.00
-1.00|-1.00|-1.00|-1.00|-1.00|-1.00|0.00|0.00|0.00|0.04|1.00|1.00|1.00,MEIA_VOLTA,0.00
-1.00|-1.00|-1.00|-1.00|-1.00|-1.00|1.00|0.00|5.00|0.01|8.00|1.00|1.00,DIREITA,0.00
-1.00|-1.00|-1.00|-1.00|-1.00|-1.00|1.00|0.00|5.00|0.01|8.00|1.00|1.00,ESQUERDA,6.56
-1.00|-1.00|-1.00|-1.00|-1.00|-1.00|1.00|0.00|5.00|0.01|8.00|1.00|1.00,FRENTE,1.76
-1.00|-1.00|-1.00|-1.00|-1.00|-1.00|1.00|0.00|5.00|0.01|8.00|1.00|1.00,MEIA_VOLTA,-0.02
-1.00|-1.00|-1.00|1.00|0.00|5.00|-1.00|-1.00|-1.00|0.01|1.00|1.00|1.00,DIREITA,0.00
-1.00|-1.00|-1.00|1.00|0.00|5.00|-1.00|-1.00|-1.00|0.01|1.00|1.00|1.00,ESQUERDA,0.00
-1.00|-1.00|-1.00|1.00|0.00|5.00|-1.00|-1.00|-1.00|0.01|1.00|1.00|1.00,FRENTE,0.00
-1.00|-1.00|-1.00|1.00|0.00|5.00|-1.00|-1.00|-1.00|0.01|1.00|1.00|1.00,MEIA_VOLTA,1.72
1.00|0.00|5.00|-1.00|-1.00|-1.00|-1.00|-1.00|-1.00|0.01|1.00|8.00|1.00,DIREITA,7.64
1.00|0.00|5.00|-1.00|-1.00|-1.00|-1.00|-1.00|-1.00|0.01|1.00|8.00|1.00,ESQUERDA,0.00
1.00|0.00|5.00|-1.00|-1.00|-1.00|-1.00|-1.00|-1.00|0.01|1.00|8.00|1.00,FRENTE,0.00
1.00|0.00|5.00|-1.00|-1.00|-1.00|-1.00|-1.00|-1.00|0.01|1.00|8.00|1.00,MEIA_VOLTA,0.13
1.00|0.00|5.00|-1.00|-1.00|-1.00|-1.00|-1.00|-1.00|0.01|1.00|8.00|8.00,DIREITA,0.00
1.00|0.00|5.00|-1.00|-1.00|-1.00|-1.00|-1.00|-1.00|0.01|1.00|8.00|8.00,ESQUERDA,0.00
1.00|0.00|5.00|-1.00|-1.00|-1.00|-1.00|-1.00|-1.00|0.01|1.00|8.00|8.00,FRENTE,8.85
1.00|0.00|5.00|-1.00|-1.00|-1.00|-1.00|-1.00|-1.00|0.01|1.00|8.00|8.00,MEIA_VOLTA,0.00
0.00|1.00|-1.00|-1.00|-1.00|-1.00|0.00|0.00|0.00|0.00|1.00|8.00|8.00,DIREITA,0.00
0.00|1.00|-1.00|-1.00|-1.00|-1.00|0.00|0.00|0.00|0.00|1.00|8.00|8.00,ESQUERDA,0.00
0.00|1.00|-1.00|-1.00|-1.00|-1.00|0.00|0.00|0.00|0.00|1.00|8.00|8.00,FRENTE,-0.08
0.00|1.00|-1.00|-1.00|-1.00|-1.00|0.00|0.00|0.00|0.00|1.00|8.00|8.00,MEIA_VOLTA,0.00
1.00|0.00|5.00|-1.00|-1.00|-1.00|-1.00|-1.00|-1.00|0.00|1.00|8.00|1.00,DIREITA,0.00
1.00|0.00|5.00|-1.00|-1.00|-1.00|-1.00|-1.00|-1.00|0.00|1.00|8.00|1.00,ESQUERDA,33.53
1.00|0.00|5.00|-1.00|-1.00|-1.00|-1.00|-1.00|-1.00|0.00|1.00|8.00|1.00,FRENTE,0.00
1.00|0.00|5.00|-1.00|-1.00|-1.00|-1.00|-1.00|-1.00|0.00|1.00|8.00|1.00,MEIA_VOLTA,0.00
1.00|0.00|5.00|-1.00|-1.00|-1.00|-1.00|-1.00|-1.00|0.02|1.00|8.00|8.00,DIREITA,0.00
1.00|0.00|5.00|-1.00|-1.00|-1.00|-1.00|-1.00|-1.00|0.02|1.00|8.00|8.00,ESQUERDA,0.51
1.00|0.00|5.00|-1.00|-1.00|-1.00|-1.00|-1.00|-1.00|0.02|1.00|8.00|8.00,FRENTE,0.00
1.00|0.00|5.00|-1.00|-1.00|-1.00|-1.00|-1.00|-1.00|0.02|1.00|8.00|8.00,MEIA_VOLTA,0.00
-1.00|-1.00|-1.00|1.00|0.00|5.00|-1.00|-1.00|-1.00|0.03|8.00|1.00|8.00,DIREITA,0.00
-1.00|-1.00|-1.00|1.00|0.00|5.00|-1.00|-1.00|-1.00|0.03|8.00|1.00|8.00,ESQUERDA,0.00
-1.00|-1.00|-1.00|1.00|0.00|5.00|-1.00|-1.00|-1.00|0.03|8.00|1.00|8.00,FRENTE,0.00
-1.00|-1.00|-1.00|1.00|0.00|5.00|-1.00|-1.00|-1.00|0.03|8.00|1.00|8.00,MEIA_VOLTA,0.44
-1.00|-1.00|-1.00|0.00|0.00|0.00|-1.00|-1.00|-1.00|0.03|1.00|8.00|1.00,DIREITA,0.56
-1.00|-1.00|-1.00|0.00|0.00|0.00|-1.00|-1.00|-1.00|0.03|1.00|8.00|1.00,ESQUERDA,0.00
-1.00|-1.00|-1.00|0.00|0.00|0.00|-1.00|-1.00|-1.00|0.03|1.00|8.00|1.00,FRENTE,111.90
-1.00|-1.00|-1.00|0.00|0.00|0.00|-1.00|-1.00|-1.00|0.03|1.00|8.00|1.00,MEIA_VOLTA,0.00
1.00|0.00|7.00|-1.00|-1.00|-1.00|-1.00|-1.00|-1.00|0.00|1.00|8.00|1.00,DIREITA,-0.11
1.00|0.00|7.00|-1.00|-1.00|-1.00|-1.00|-1.00|-1.00|0.00|1.00|8.00|1.00,ESQUERDA,5.36
1.00|0.00|7.00|-1.00|-1.00|-1.00|-1.00|-1.00|-1.00|0.00|1.00|8.00|1.00,FRENTE,0.00
1.00|0.00|7.00|-1.00|-1.00|-1.00|-1.00|-1.00|-1.00|0.00|1.00|8.00|1.00,MEIA_VOLTA,-0.04
0.00|1.00|-1.00|-1.00|-1.00|-1.00|1.00|0.00|7.00|0.00|8.00|1.00|8.00,DIREITA,0.66
0.00|1.00|-1.00|-1.00|-1.00|-1.00|1.00|0.00|7.00|0.00|8.00|1.00|8.00,ESQUERDA,0.00
0.00|1.00|-1.00|-1.00|-1.00|-1.00|1.00|0.00|7.00|0.00|8.00|1.00|8.00,FRENTE,0.00
0.00|1.00|-1.00|-1.00|-1.00|-1.00|1.00|0.00|7.00|0.00|8.00|1.00|8.00,MEIA_VOLTA,0.00
-1.00|-1.00|-1.00|0.00|0.00|0.00|-1.00|-1.00|-1.00|0.01|1.00|8.00|1.00,DIREITA,0.93
-1.00|-1.00|-1.00|0.00|0.00|0.00|-1.00|-1.00|-1.00|0.01|1.00|8.00|1.00,ESQUERDA,5.18
-1.00|-1.00|-1.00|0.00|0.00|0.00|-1.00|-1.00|-1.00|0.01|1.00|8.00|1.00,FRENTE,157.29
-1.00|-1.00|-1.00|0.00|0.00|0.00|-1.00|-1.00|-1.00|0.01|1.00|8.00|1.00,MEIA_VOLTA,0.00
0.00|0.00|0.00|-1.00|-1.00|-1.00|-1.00|-1.00|-1.00|0.01|8.00|8.00|1.00,DIREITA,1.05
0.00|0.00|0.00|-1.00|-1.00|-1.00|-1.00|-1.00|-1.00|0.01|8.00|8.00|1.00,ESQUERDA,83.16
0.00|0.00|0.00|-1.00|-1.00|-1.00|-1.00|-1.00|-1.00|0.01|8.00|8.00|1.00,FRENTE,0.00
0.00|0.00|0.00|-1.00|-1.00|-1.00|-1.00|-1.00|-1.00|0.01|8.00|8.00|1.00,MEIA_VOLTA,28.41
0.00|0.00|0.00|-1.00|-1.00|-1.00|0.00|1.00|-1.00|0.00|8.00|1.00|1.00,DIREITA,0.00
0.00|0.00|0.00|-1.00|-1.00|-1.00|0.00|1.00|-1.00|0.00|8.00|1.00|1.00,ESQUERDA,-2.11
0.00|0.00|0.00|-1.00|-1.00|-1.00|0.00|1.00|-1.00|0.00|8.00|1.00|1.00,FRENTE,0.00
0.00|0.00|0.00|-1.00|-1.00|-1.00|0.00|1.00|-1.00|0.00|8.00|1.00|1.00,MEIA_VOLTA,0.00
-1.00|-1.00|-1.00|-1.00|-1.00|-1.00|1.00|0.00|6.00|0.00|8.00|1.00|1.00,DIREITA,3.96
-1.00|-1.00|-1.00|-1.00|-1.00|-1.00|1.00|0.00|6.00|0.00|8.00|1.00|1.00,ESQUERDA,-0.21
-1.00|-1.00|-1.00|-1.00|-1.00|-1.00|1.00|0.00|6.00|0.00|8.00|1.00|1.00,FRENTE,0.50
-1.00|-1.00|-1.00|-1.00|-1.00|-1.00|1.00|0.00|6.00|0.00|8.00|1.00|1.00,MEIA_VOLTA,5.99
-1.00|-1.00|-1.00|1.00|0.00|5.00|-1.00|-1.00|-1.00|0.00|8.00|1.00|8.00,DIREITA,-0.11
-1.00|-1.00|-1.00|1.00|0.00|5.00|-1.00|-1.00|-1.00|0.00|8.00|1.00|8.00,ESQUERDA,0.00
-1.00|-1.00|-1.00|1.00|0.00|5.00|-1.00|-1.00|-1.00|0.00|8.00|1.00|8.00,FRENTE,0.00
-1.00|-1.00|-1.00|1.00|0.00|5.00|-1.00|-1.00|-1.00|0.00|8.00|1.00|8.00,MEIA_VOLTA,0.35
-1.00|-1.00|-1.00|1.00|0.00|5.00|-1.00|-1.00|-1.00|0.01|1.00|1.00|8.00,DIREITA,0.00
-1.00|-1.00|-1.00|1.00|0.00|5.00|-1.00|-1.00|-1.00|0.01|1.00|1.00|8.00,ESQUERDA,4.12
-1.00|-1.00|-1.00|1.00|0.00|5.00|-1.00|-1.00|-1.00|0.01|1.00|1.00|8.00,FRENTE,2.93
-1.00|-1.00|-1.00|1.00|0.00|5.00|-1.00|-1.00|-1.00|0.01|1.00|1.00|8.00,MEIA_VOLTA,0.00
-1.00|-1.00|-1.00|-1.00|-1.00|-1.00|1.00|0.00|5.00|0.01|1.00|1.00|8.00,DIREITA,3.03
-1.00|-1.00|-1.00|-1.00|-1.00|-1.00|1.00|0.00|5.00|0.01|1.00|1.00|8.00,ESQUERDA,0.00
-1.00|-1.00|-1.00|-1.00|-1.00|-1.00|1.00|0.00|5.00|0.01|1.00|1.00|8.00,FRENTE,11.15
-1.00|-1.00|-1.00|-1.00|-1.00|-1.00|1.00|0.00|5.00|0.01|1.00|1.00|8.00,MEIA_VOLTA,0.00
-1.00|-1.00|-1.00|1.00|0.00|5.00|-1.00|-1.00|-1.00|0.02|1.00|1.00|8.00,DIREITA,0.00
-1.00|-1.00|-1.00|1.00|0.00|5.00|-1.00|-1.00|-1.00|0.02|1.00|1.00|8.00,ESQUERDA,0.00
-1.00|-1.00|-1.00|1.00|0.00|5.00|-1.00|-1.00|-1.00|0.02|1.00|1.00|8.00,FRENTE,1.96
-1.00|-1.00|-1.00|1.00|0.00|5.00|-1.00|-1.00|-1.00|0.02|1.00|1.00|8.00,MEIA_VOLTA,0.00
1.00|0.00|5.00|-1.00|-1.00|-1.00|-1.00|-1.00|-1.00|0.03|8.00|8.00|1.00,DIREITA,0.00
1.00|0.00|5.00|-1.00|-1.00|-1.00|-1.00|-1.00|-1.00|0.03|8.00|8.00|1.00,ESQUERDA,0.00
1.00|0.00|5.00|-1.00|-1.00|-1.00|-1.00|-1.00|-1.00|0.03|8.00|8.00|1.00,FRENTE,0.38
1.00|0.00|5.00|-1.00|-1.00|-1.00|-1.00|-1.00|-1.00|0.03|8.00|8.00|1.00,MEIA_VOLTA,0.00
0.00|0.00|0.00|-1.00|-1.00|-1.00|-1.00|0.00|-1.00|0.04|8.00|1.00|8.00,DIREITA,0.00
0.00|0.00|0.00|-1.00|-1.00|-1.00|-1.00|0.00|-1.00|0.04|8.00|1.00|8.00,ESQUERDA,141.89
0.00|0.00|0.00|-1.00|-1.00|-1.00|-1.00|0.00|-1.00|0.04|8.00|1.00|8.00,FRENTE,0.00
0.00|0.00|0.00|-1.00|-1.00|-1.00|-1.00|0.00|-1.00|0.04|8.00|1.00|8.00,MEIA_VOLTA,0.00
-1.00|-1.00|-1.00|0.00|0.00|0.00|0.00|1.00|-1.00|0.00|1.00|8.00|1.00,DIREITA,0.00
-1.00|-1.00|-1.00|0.00|0.00|0.00|0.00|1.00|-1.00|0.00|1.00|8.00|1.00,ESQUERDA,0.00
-1.00|-1.00|-1.00|0.00|0.00|0.00|0.00|1.00|-1.00|0.00|1.00|8.00|1.00,FRENTE,-2.10
-1.00|-1.00|-1.00|0.00|0.00|0.00|0.00|1.00|-1.00|0.00|1.00|8.00|1.00,MEIA_VOLTA,0.00
-1.00|-1.00|-1.00|-1.00|-1.00|-1.00|0.00|0.00|0.00|0.03|1.00|8.00|8.00,DIREITA,201.81
-1.00|-1.00|-1.00|-1.00|-1.00|-1.00|0.00|0.00|0.00|0.03|1.00|8.00|8.00,ESQUERDA,0.00
-1.00|-1.00|-1.00|-1.00|-1.00|-1.00|0.00|0.00|0.00|0.03|1.00|8.00|8.00,FRENTE,0.00
-1.00|-1.00|-1.00|-1.00|-1.00|-1.00|0.00|0.00|0.00|0.03|1.00|8.00|8.00,MEIA_VOLTA,0.00
-1.00|-1.00|-1.00|0.00|1.00|-1.00|0.00|0.00|0.00|0.00|1.00|8.00|1.00,DIREITA,-2.06
-1.00|-1.00|-1.00|0.00|1.00|-1.00|0.00|0.00|0.00|0.00|1.00|8.00|1.00,ESQUERDA,0.00
-1.00|-1.00|-1.00|0.00|1.00|-1.00|0.00|0.00|0.00|0.00|1.00|8.00|1.00,FRENTE,0.00
-1.00|-1.00|-1.00|0.00|1.00|-1.00|0.00|0.00|0.00|0.00|1.00|8.00|1.00,MEIA_VOLTA,0.00
1.00|0.00|6.00|-1.00|-1.00|-1.00|-1.00|-1.00|-1.00|0.01|1.00|8.00|1.00,DIREITA,2.36
1.00|0.00|6.00|-1.00|-1.00|-1.00|-1.00|-1.00|-1.00|0.01|1.00|8.00|1.00,ESQUERDA,4.77
1.00|0.00|6.00|-1.00|-1.00|-1.00|-1.00|-1.00|-1.00|0.01|1.00|8.00|1.00,FRENTE,0.00
1.00|0.00|6.00|-1.00|-1.00|-1.00|-1.00|-1.00|-1.00|0.01|1.00|8.00|1.00,MEIA_VOLTA,0.00
-1.00|-1.00|-1.00|-1.00|-1.00|-1.00|0.00|1.00|-1.00|0.01|8.00|1.00|1.00,DIREITA,5.93
-1.00|-1.00|-1.00|-1.00|-1.00|-1.00|0.00|1.00|-1.00|0.01|8.00|1.00|1.00,ESQUERDA,0.00
-1.00|-1.00|-1.00|-1.00|-1.00|-1.00|0.00|1.00|-1.00|0.01|8.00|1.00|1.00,FRENTE,1.70
-1.00|-1.00|-1.00|-1.00|-1.00|-1.00|0.00|1.00|-1.00|0.01|8.00|1.00|1.00,MEIA_VOLTA,2.23
-1.00|-1.00|-1.00|-1.00|0.00|-1.00|0.00|1.00|-1.00|0.01|8.00|1.00|1.00,DIREITA,8.85
-1.00|-1.00|-1.00|-1.00|0.00|-1.00|0.00|1.00|-1.00|0.01|8.00|1.00|1.00,ESQUERDA,0.00
-1.00|-1.00|-1.00|-1.00|0.00|-1.00|0.00|1.00|-1.00|0.01|8.00|1.00|1.00,FRENTE,0.00
-1.00|-1.00|-1.00|-1.00|0.00|-1.00|0.00|1.00|-1.00|0.01|8.00|1.00|1.00,MEIA_VOLTA,0.00
-1.00|-1.00|-1.00|0.00|1.00|-1.00|-1.00|0.00|-1.00|0.01|8.00|8.00|1.00,DIREITA,0.00
-1.00|-1.00|-1.00|0.00|1.00|-1.00|-1.00|0.00|-1.00|0.01|8.00|8.00|1.00,ESQUERDA,0.00
-1.00|-1.00|-1.00|0.00|1.00|-1.00|-1.00|0.00|-1.00|0.01|8.00|8.00|1.00,FRENTE,4.45
-1.00|-1.00|-1.00|0.00|1.00|-1.00|-1.00|0.00|-1.00|0.01|8.00|8.00|1.00,MEIA_VOLTA,-0.02
-1.00|0.00|-1.00|-1.00|-1.00|-1.00|-1.00|-1.00|-1.00|0.01|1.00|1.00|8.00,DIREITA,8.46
-1.00|0.00|-1.00|-1.00|-1.00|-1.00|-1.00|-1.00|-1.00|0.01|1.00|1.00|8.00,ESQUERDA,-0.10
-1.00|0.00|-1.00|-1.00|-1.00|-1.00|-1.00|-1.00|-1.00|0.01|1.00|1.00|8.00,FRENTE,0.90
-1.00|0.00|-1.00|-1.00|-1.00|-1.00|-1.00|-1.00|-1.00|0.01|1.00|1.00|8.00,MEIA_VOLTA,0.44
0.00|0.00|0.00|-1.00|-1.00|-1.00|-1.00|-1.00|-1.00|0.02|8.00|1.00|8.00,DIREITA,0.00
0.00|0.00|0.00|-1.00|-1.00|-1.00|-1.00|-1.00|-1.00|0.02|8.00|1.00|8.00,ESQUERDA,69.91
0.00|0.00|0.00|-1.00|-1.00|-1.00|-1.00|-1.00|-1.00|0.02|8.00|1.00|8.00,FRENTE,0.00
0.00|0.00|0.00|-1.00|-1.00|-1.00|-1.00|-1.00|-1.00|0.02|8.00|1.00|8.00,MEIA_VOLTA,27.60
-1.00|-1.00|-1.00|0.00|0.00|0.00|-1.00|-1.00|-1.00|0.02|1.00|1.00|8.00,DIREITA,0.00
-1.00|-1.00|-1.00|0.00|0.00|0.00|-1.00|-1.00|-1.00|0.02|1.00|1.00|8.00,ESQUERDA,0.00
-1.00|-1.00|-1.00|0.00|0.00|0.00|-1.00|-1.00|-1.00|0.02|1.00|1.00|8.00,FRENTE,147.44
-1.00|-1.00|-1.00|0.00|0.00|0.00|-1.00|-1.00|-1.00|0.02|1.00|1.00|8.00,MEIA_VOLTA,0.00
-1.00|-1.00|-1.00|-1.00|-1.00|-1.00|1.00|0.00|5.00|0.00|8.00|1.00|8.00,DIREITA,0.00
-1.00|-1.00|-1.00|-1.00|-1.00|-1.00|1.00|0.00|5.00|0.00|8.00|1.00|8.00,ESQUERDA,0.00
-1.00|-1.00|-1.00|-1.00|-1.00|-1.00|1.00|0.00|5.00|0.00|8.00|1.00|8.00,FRENTE,-0.14
-1.00|-1.00|-1.00|-1.00|-1.00|-1.00|1.00|0.00|5.00|0.00|8.00|1.00|8.00,MEIA_VOLTA,12.05
0.00|0.00|0.00|-1.00|-1.00|-1.00|-1.00|0.00|-1.00|0.02|8.00|8.00|8.00,DIREITA,-0.10
0.00|0.00|0.00|-1.00|-1.00|-1.00|-1.00|0.00|-1.00|0.02|8.00|8.00|8.00,ESQUERDA,81.92
0.00|0.00|0.00|-1.00|-1.00|-1.00|-1.00|0.00|-1.00|0.02|8.00|8.00|8.00,FRENTE,0.00
0.00|0.00|0.00|-1.00|-1.00|-1.00|-1.00|0.00|-1.00|0.02|8.00|8.00|8.00,MEIA_VOLTA,26.54
-1.00|-1.00|-1.00|-1.00|0.00|-1.00|0.00|1.00|-1.00|0.00|8.00|1.00|1.00,DIREITA,-0.05
-1.00|-1.00|-1.00|-1.00|0.00|-1.00|0.00|1.00|-1.00|0.00|8.00|1.00|1.00,ESQUERDA,0.00
-1.00|-1.00|-1.00|-1.00|0.00|-1.00|0.00|1.00|-1.00|0.00|8.00|1.00|1.00,FRENTE,-0.10
-1.00|-1.00|-1.00|-1.00|0.00|-1.00|0.00|1.00|-1.00|0.00|8.00|1.00|1.00,MEIA_VOLTA,-0.03
0.00|1.00|-1.00|-1.00|0.00|-1.00|-1.00|-1.00|-1.00|0.01|8.00|1.00|8.00,DIREITA,0.00
0.00|1.00|-1.00|-1.00|0.00|-1.00|-1.00|-1.00|-1.00|0.01|8.00|1.00|8.00,ESQUERDA,0.00
0.00|1.00|-1.00|-1.00|0.00|-1.00|-1.00|-1.00|-1.00|0.01|8.00|1.00|8.00,FRENTE,0.00
0.00|1.00|-1.00|-1.00|0.00|-1.00|-1.00|-1.00|-1.00|0.01|8.00|1.00|8.00,MEIA_VOLTA,0.00
0.00|1.00|-1.00|-1.00|-1.00|-1.00|-1.00|0.00|-1.00|0.01|8.00|1.00|8.00,DIREITA,0.00
0.00|1.00|-1.00|-1.00|-1.00|-1.00|-1.00|0.00|-1.00|0.01|8.00|1.00|8.00,ESQUERDA,1.49
0.00|1.00|-1.00|-1.00|-1.00|-1.00|-1.00|0.00|-1.00|0.01|8.00|1.00|8.00,FRENTE,0.00
0.00|1.00|-1.00|-1.00|-1.00|-1.00|-1.00|0.00|-1.00|0.01|8.00|1.00|8.00,MEIA_VOLTA,0.00
-1.00|-1.00|-1.00|1.00|0.00|5.00|-1.00|-1.00|-1.00|0.02|1.00|1.00|1.00,DIREITA,0.00
-1.00|-1.00|-1.00|1.00|0.00|5.00|-1.00|-1.00|-1.00|0.02|1.00|1.00|1.00,ESQUERDA,0.00
-1.00|-1.00|-1.00|1.00|0.00|5.00|-1.00|-1.00|-1.00|0.02|1.00|1.00|1.00,FRENTE,0.00
-1.00|-1.00|-1.00|1.00|0.00|5.00|-1.00|-1.00|-1.00|0.02|1.00|1.00|1.00,MEIA_VOLTA,1.16
-1.00|-1.00|-1.00|-1.00|-1.00|-1.00|0.00|1.00|-1.00|0.02|1.00|1.00|1.00,DIREITA,1.51
-1.00|-1.00|-1.00|-1.00|-1.00|-1.00|0.00|1.00|-1.00|0.02|1.00|1.00|1.00,ESQUERDA,0.00
-1.00|-1.00|-1.00|-1.00|-1.00|-1.00|0.00|1.00|-1.00|0.02|1.00|1.00|1.00,FRENTE,0.00
-1.00|-1.00|-1.00|-1.00|-1.00|-1.00|0.00|1.00|-1.00|0.02|1.00|1.00|1.00,MEIA_VOLTA,-0.02
0.00|1.00|-1.00|-1.00|-1.00|-1.00|-1.00|-1.00|-1.00|0.02|8.00|1.00|8.00,DIREITA,5.58
0.00|1.00|-1.00|-1.00|-1.00|-1.00|-1.00|-1.00|-1.00|0.02|8.00|1.00|8.00,ESQUERDA,0.00
0.00|1.00|-1.00|-1.00|-1.00|-1.00|-1.00|-1.00|-1.00|0.02|8.00|1.00|8.00,FRENTE,2.82
0.00|1.00|-1.00|-1.00|-1.00|-1.00|-1.00|-1.00|-1.00|0.02|8.00|1.00|8.00,MEIA_VOLTA,0.00
-1.00|-1.00|-1.00|0.00|1.00|-1.00|-1.00|-1.00|-1.00|0.02|8.00|8.00|1.00,DIREITA,1.77
-1.00|-1.00|-1.00|0.00|1.00|-1.00|-1.00|-1.00|-1.00|0.02|8.00|8.00|1.00,ESQUERDA,0.00
-1.00|-1.00|-1.00|0.00|1.00|-1.00|-1.00|-1.00|-1.00|0.02|8.00|8.00|1.00,FRENTE,0.00
-1.00|-1.00|-1.00|0.00|1.00|-1.00|-1.00|-1.00|-1.00|0.02|8.00|8.00|1.00,MEIA_VOLTA,6.71
-1.00|-1.00|-1.00|0.00|1.00|-1.00|-1.00|-1.00|-1.00|0.02|1.00|1.00|1.00,DIREITA,0.00
-1.00|-1.00|-1.00|0.00|1.00|-1.00|-1.00|-1.00|-1.00|0.02|1.00|1.00|1.00,ESQUERDA,1.87
-1.00|-1.00|-1.00|0.00|1.00|-1.00|-1.00|-1.00|-1.00|0.02|1.00|1.00|1.00,FRENTE,0.00
-1.00|-1.00|-1.00|0.00|1.00|-1.00|-1.00|-1.00|-1.00|0.02|1.00|1.00|1.00,MEIA_VOLTA,4.64
0.00|1.00|-1.00|-1.00|-1.00|-1.00|-1.00|-1.00|-1.00|0.02|1.00|1.00|8.00,DIREITA,0.00
0.00|1.00|-1.00|-1.00|-1.00|-1.00|-1.00|-1.00|-1.00|0.02|1.00|1.00|8.00,ESQUERDA,0.00
0.00|1.00|-1.00|-1.00|-1.00|-1.00|-1.00|-1.00|-1.00|0.02|1.00|1.00|8.00,FRENTE,0.00
0.00|1.00|-1.00|-1.00|-1.00|-1.00|-1.00|-1.00|-1.00|0.02|1.00|1.00|8.00,MEIA_VOLTA,0.00
-1.00|-1.00|-1.00|-1.00|-1.00|-1.00|-1.00|0.00|-1.00|0.02|8.00|1.00|8.00,DIREITA,0.00
-1.00|-1.00|-1.00|-1.00|-1.00|-1.00|-1.00|0.00|-1.00|0.02|8.00|1.00|8.00,ESQUERDA,6.06
-1.00|-1.00|-1.00|-1.00|-1.00|-1.00|-1.00|0.00|-1.00|0.02|8.00|1.00|8.00,FRENTE,0.65
-1.00|-1.00|-1.00|-1.00|-1.00|-1.00|-1.00|0.00|-1.00|0.02|8.00|1.00|8.00,MEIA_VOLTA,0.00
1.00|0.00|6.00|-1.00|-1.00|-1.00|0.00|1.00|-1.00|0.01|1.00|8.00|1.00,DIREITA,0.00
1.00|0.00|6.00|-1.00|-1.00|-1.00|0.00|1.00|-1.00|0.01|1.00|8.00|1.00,ESQUERDA,0.00
1.00|0.00|6.00|-1.00|-1.00|-1.00|0.00|1.00|-1.00|0.01|1.00|8.00|1.00,FRENTE,0.00
1.00|0.00|6.00|-1.00|-1.00|-1.00|0.00|1.00|-1.00|0.01|1.00|8.00|1.00,MEIA_VOLTA,0.00
0.00|1.00|-1.00|-1.00|-1.00|-1.00|-1.00|-1.00|-1.00|0.02|1.00|8.00|8.00,DIREITA,6.94
0.00|1.00|-1.00|-1.00|-1.00|-1.00|-1.00|-1.00|-1.00|0.02|1.00|8.00|8.00,ESQUERDA,1.27
0.00|1.00|-1.00|-1.00|-1.00|-1.00|-1.00|-1.00|-1.00|0.02|1.00|8.00|8.00,FRENTE,0.00
0.00|1.00|-1.00|-1.00|-1.00|-1.00|-1.00|-1.00|-1.00|0.02|1.00|8.00|8.00,MEIA_VOLTA,0.00
-1.00|-1.00|-1.00|-1.00|-1.00|-1.00|0.00|1.00|-1.00|0.02|8.00|8.00|1.00,DIREITA,0.00
-1.00|-1.00|-1.00|-1.00|-1.00|-1.00|0.00|1.00|-1.00|0.02|8.00|8.00|1.00,ESQUERDA,0.00
-1.00|-1.00|-1.00|-1.00|-1.00|-1.00|0.00|1.00|-1.00|0.02|8.00|8.00|1.00,FRENTE,1.27
-1.00|-1.00|-1.00|-1.00|-1.00|-1.00|0.00|1.00|-1.00|0.02|8.00|8.00|1.00,MEIA_VOLTA,0.00
1.00|0.00|5.00|0.00|1.00|-1.00|-1.00|-1.00|-1.00|0.02|1.00|8.00|1.00,DIREITA,0.00
1.00|0.00|5.00|0.00|1.00|-1.00|-1.00|-1.00|-1.00|0.02|1.00|8.00|1.00,ESQUERDA,0.00
1.00|0.00|5.00|0.00|1.00|-1.00|-1.00|-1.00|-1.00|0.02|1.00|8.00|1.00,FRENTE,0.00
1.00|0.00|5.00|0.00|1.00|-1.00|-1.00|-1.00|-1.00|0.02|1.00|8.00|1.00,MEIA_VOLTA,0.00
1.00|0.00|7.00|-1.00|-1.00|-1.00|-1.00|-1.00|-1.00|0.03|1.00|8.00|1.00,DIREITA,0.00
1.00|0.00|7.00|-1.00|-1.00|-1.00|-1.00|-1.00|-1.00|0.03|1.00|8.00|1.00,ESQUERDA,-0.09
1.00|0.00|7.00|-1.00|-1.00|-1.00|-1.00|-1.00|-1.00|0.03|1.00|8.00|1.00,FRENTE,0.00
1.00|0.00|7.00|-1.00|-1.00|-1.00|-1.00|-1.00|-1.00|0.03|1.00|8.00|1.00,MEIA_VOLTA,0.00
1.00|0.00|5.00|-1.00|-1.00|-1.00|-1.00|-1.00|-1.00|0.04|8.00|8.00|1.00,DIREITA,0.00
1.00|0.00|5.00|-1.00|-1.00|-1.00|-1.00|-1.00|-1.00|0.04|8.00|8.00|1.00,ESQUERDA,0.00
1.00|0.00|5.00|-1.00|-1.00|-1.00|-1.00|-1.00|-1.00|0.04|8.00|8.00|1.00,FRENTE,0.00
1.00|0.00|5.00|-1.00|-1.00|-1.00|-1.00|-1.00|-1.00|0.04|8.00|8.00|1.00,MEIA_VOLTA,0.00
1.00|0.00|5.00|-1.00|-1.00|-1.00|-1.00|-1.00|-1.00|0.04|8.00|8.00|8.00,DIREITA,0.00
1.00|0.00|5.00|-1.00|-1.00|-1.00|-1.00|-1.00|-1.00|0.04|8.00|8.00|8.00,ESQUERDA,0.00
1.00|0.00|5.00|-1.00|-1.00|-1.00|-1.00|-1.00|-1.00|0.04|8.00|8.00|8.00,FRENTE,0.00
1.00|0.00|5.00|-1.00|-1.00|-1.00|-1.00|-1.00|-1.00|0.04|8.00|8.00|8.00,MEIA_VOLTA,-0.02
-1.00|-1.00|-1.00|-1.00|-1.00|-1.00|1.00|0.00|5.00|0.04|1.00|1.00|1.00,DIREITA,0.00
-1.00|-1.00|-1.00|-1.00|-1.00|-1.00|1.00|0.00|5.00|0.04|1.00|1.00|1.00,ESQUERDA,-0.09
-1.00|-1.00|-1.00|-1.00|-1.00|-1.00|1.00|0.00|5.00|0.04|1.00|1.00|1.00,FRENTE,0.00
-1.00|-1.00|-1.00|-1.00|-1.00|-1.00|1.00|0.00|5.00|0.04|1.00|1.00|1.00,MEIA_VOLTA,0.00
-1.00|-1.00|-1.00|-1.00|-1.00|-1.00|1.00|0.00|5.00|0.04|1.00|1.00|8.00,DIREITA,-0.04
-1.00|-1.00|-1.00|-1.00|-1.00|-1.00|1.00|0.00|5.00|0.04|1.00|1.00|8.00,ESQUERDA,0.00
-1.00|-1.00|-1.00|-1.00|-1.00|-1.00|1.00|0.00|5.00|0.04|1.00|1.00|8.00,FRENTE,0.00
-1.00|-1.00|-1.00|-1.00|-1.00|-1.00|1.00|0.00|5.00|0.04|1.00|1.00|8.00,MEIA_VOLTA,0.00
-1.00|-1.00|-1.00|-1.00|0.00|-1.00|-1.00|-1.00|-1.00|0.05|8.00|8.00|1.00,DIREITA,0.00
-1.00|-1.00|-1.00|-1.00|0.00|-1.00|-1.00|-1.00|-1.00|0.05|8.00|8.00|1.00,ESQUERDA,-0.06
-1.00|-1.00|-1.00|-1.00|0.00|-1.00|-1.00|-1.00|-1.00|0.05|8.00|8.00|1.00,FRENTE,0.00
-1.00|-1.00|-1.00|-1.00|0.00|-1.00|-1.00|-1.00|-1.00|0.05|8.00|8.00|1.00,MEIA_VOLTA,0.00
-1.00|-1.00|-1.00|-1.00|0.00|-1.00|-1.00|-1.00|-1.00|0.05|8.00|1.00|1.00,DIREITA,0.00
-1.00|-1.00|-1.00|-1.00|0.00|-1.00|-1.00|-1.00|-1.00|0.05|8.00|1.00|1.00,ESQUERDA,-0.08
-1.00|-1.00|-1.00|-1.00|0.00|-1.00|-1.00|-1.00|-1.00|0.05|8.00|1.00|1.00,FRENTE,0.00
-1.00|-1.00|-1.00|-1.00|0.00|-1.00|-1.00|-1.00|-1.00|0.05|8.00|1.00|1.00,MEIA_VOLTA,-0.04
-1.00|-1.00|-1.00|-1.00|-1.00|-1.00|0.00|0.00|0.00|0.05|1.00|8.00|8.00,DIREITA,0.00
-1.00|-1.00|-1.00|-1.00|-1.00|-1.00|0.00|0.00|0.00|0.05|1.00|8.00|8.00,ESQUERDA,-0.04
-1.00|-1.00|-1.00|-1.00|-1.00|-1.00|0.00|0.00|0.00|0.05|1.00|8.00|8.00,FRENTE,0.00
-1.00|-1.00|-1.00|-1.00|-1.00|-1.00|0.00|0.00|0.00|0.05|1.00|8.00|8.00,MEIA_VOLTA,0.00
0.00|0.00|0.00|-1.00|-1.00|-1.00|-1.00|0.00|-1.00|0.05|8.00|8.00|8.00,DIREITA,0.00
0.00|0.00|0.00|-1.00|-1.00|-1.00|-1.00|0.00|-1.00|0.05|8.00|8.00|8.00,ESQUERDA,0.00
0.00|0.00|0.00|-1.00|-1.00|-1.00|-1.00|0.00|-1.00|0.05|8.00|8.00|8.00,FRENTE,0.00
0.00|0.00|0.00|-1.00|-1.00|-1.00|-1.00|0.00|-1.00|0.05|8.00|8.00|8.00,MEIA_VOLTA,-0.02
-1.00|0.00|-1.00|-1.00|-1.00|-1.00|0.00|0.00|0.00|0.05|1.00|1.00|1.00,DIREITA,183.91
-1.00|0.00|-1.00|-1.00|-1.00|-1.00|0.00|0.00|0.00|0.05|1.00|1.00|1.00,ESQUERDA,0.00
-1.00|0.00|-1.00|-1.00|-1.00|-1.00|0.00|0.00|0.00|0.05|1.00|1.00|1.00,FRENTE,0.00
-1.00|0.00|-1.00|-1.00|-1.00|-1.00|0.00|0.00|0.00|0.05|1.00|1.00|1.00,MEIA_VOLTA,0.00
-1.00|-1.00|-1.00|1.00|0.00|6.00|1.00|0.00|6.00|0.00|1.00|1.00|8.00,DIREITA,2.10
-1.00|-1.00|-1.00|1.00|0.00|6.00|1.00|0.00|6.00|0.00|1.00|1.00|8.00,ESQUERDA,0.00
-1.00|-1.00|-1.00|1.00|0.00|6.00|1.00|0.00|6.00|0.00|1.00|1.00|8.00,FRENTE,0.00
-1.00|-1.00|-1.00|1.00|0.00|6.00|1.00|0.00|6.00|0.00|1.00|1.00|8.00,MEIA_VOLTA,0.00
1.00|0.00|6.00|-1.00|-1.00|-1.00|-1.00|-1.00|-1.00|0.01|8.00|8.00|8.00,DIREITA,0.00
1.00|0.00|6.00|-1.00|-1.00|-1.00|-1.00|-1.00|-1.00|0.01|8.00|8.00|8.00,ESQUERDA,0.00
1.00|0.00|6.00|-1.00|-1.00|-1.00|-1.00|-1.00|-1.00|0.01|8.00|8.00|8.00,FRENTE,0.00
1.00|0.00|6.00|-1.00|-1.00|-1.00|-1.00|-1.00|-1.00|0.01|8.00|8.00|8.00,MEIA_VOLTA,0.36
-1.00|-1.00|-1.00|-1.00|-1.00|-1.00|-1.00|0.00|-1.00|0.02|8.00|8.00|1.00,DIREITA,-0.18
-1.00|-1.00|-1.00|-1.00|-1.00|-1.00|-1.00|0.00|-1.00|0.02|8.00|8.00|1.00,ESQUERDA,5.03
-1.00|-1.00|-1.00|-1.00|-1.00|-1.00|-1.00|0.00|-1.00|0.02|8.00|8.00|1.00,FRENTE,0.00
-1.00|-1.00|-1.00|-1.00|-1.00|-1.00|-1.00|0.00|-1.00|0.02|8.00|8.00|1.00,MEIA_VOLTA,1.81
1.00|0.00|5.00|-1.00|-1.00|-1.00|-1.00|-1.00|-1.00|0.01|8.00|8.00|1.00,DIREITA,0.00
1.00|0.00|5.00|-1.00|-1.00|-1.00|-1.00|-1.00|-1.00|0.01|8.00|8.00|1.00,ESQUERDA,0.00
1.00|0.00|5.00|-1.00|-1.00|-1.00|-1.00|-1.00|-1.00|0.01|8.00|8.00|1.00,FRENTE,9.56
1.00|0.00|5.00|-1.00|-1.00|-1.00|-1.00|-1.00|-1.00|0.01|8.00|8.00|1.00,MEIA_VOLTA,1.19
-1.00|-1.00|-1.00|0.00|1.00|-1.00|-1.00|-1.00|-1.00|0.02|8.00|1.00|1.00,DIREITA,0.00
-1.00|-1.00|-1.00|0.00|1.00|-1.00|-1.00|-1.00|-1.00|0.02|8.00|1.00|1.00,ESQUERDA,3.81
-1.00|-1.00|-1.00|0.00|1.00|-1.00|-1.00|-1.00|-1.00|0.02|8.00|1.00|1.00,FRENTE,0.00
-1.00|-1.00|-1.00|0.00|1.00|-1.00|-1.00|-1.00|-1.00|0.02|8.00|1.00|1.00,MEIA_VOLTA,0.00
-1.00|-1.00|-1.00|0.00|1.00|-1.00|-1.00|-1.00|-1.00|0.02|1.00|8.00|1.00,DIREITA,5.08
-1.00|-1.00|-1.00|0.00|1.00|-1.00|-1.00|-1.00|-1.00|0.02|1.00|8.00|1.00,ESQUERDA,0.00
-1.00|-1.00|-1.00|0.00|1.00|-1.00|-1.00|-1.00|-1.00|0.02|1.00|8.00|1.00,FRENTE,0.00
-1.00|-1.00|-1.00|0.00|1.00|-1.00|-1.00|-1.00|-1.00|0.02|1.00|8.00|1.00,MEIA_VOLTA,0.00
0.00|0.00|0.00|-1.00|-1.00|-1.00|-1.00|-1.00|-1.00|0.02|8.00|8.00|1.00,DIREITA,0.00
0.00|0.00|0.00|-1.00|-1.00|-1.00|-1.00|-1.00|-1.00|0.02|8.00|8.00|1.00,ESQUERDA,0.00
0.00|0.00|0.00|-1.00|-1.00|-1.00|-1.00|-1.00|-1.00|0.02|8.00|8.00|1.00,FRENTE,2.29
0.00|0.00|0.00|-1.00|-1.00|-1.00|-1.00|-1.00|-1.00|0.02|8.00|8.00|1.00,MEIA_VOLTA,0.00
-1.00|-1.00|-1.00|-1.00|-1.00|-1.00|0.00|1.00|-1.00|0.02|8.00|1.00|1.00,DIREITA,0.00
-1.00|-1.00|-1.00|-1.00|-1.00|-1.00|0.00|1.00|-1.00|0.02|8.00|1.00|1.00,ESQUERDA,0.00
-1.00|-1.00|-1.00|-1.00|-1.00|-1.00|0.00|1.00|-1.00|0.02|8.00|1.00|1.00,FRENTE,0.00
-1.00|-1.00|-1.00|-1.00|-1.00|-1.00|0.00|1.00|-1.00|0.02|8.00|1.00|1.00,MEIA_VOLTA,0.00
1.00|0.00|5.00|-1.00|-1.00|-1.00|-1.00|-1.00|-1.00|0.02|8.00|8.00|8.00,DIREITA,2.24
1.00|0.00|5.00|-1.00|-1.00|-1.00|-1.00|-1.00|-1.00|0.02|8.00|8.00|8.00,ESQUERDA,0.00
1.00|0.00|5.00|-1.00|-1.00|-1.00|-1.00|-1.00|-1.00|0.02|8.00|8.00|8.00,FRENTE,0.00
1.00|0.00|5.00|-1.00|-1.00|-1.00|-1.00|-1.00|-1.00|0.02|8.00|8.00|8.00,MEIA_VOLTA,0.00
0.00|1.00|-1.00|-1.00|-1.00|-1.00|-1.00|-1.00|-1.00|0.03|1.00|8.00|8.00,DIREITA,0.00
0.00|1.00|-1.00|-1.00|-1.00|-1.00|-1.00|-1.00|-1.00|0.03|1.00|8.00|8.00,ESQUERDA,0.81
0.00|1.00|-1.00|-1.00|-1.00|-1.00|-1.00|-1.00|-1.00|0.03|1.00|8.00|8.00,FRENTE,0.00
0.00|1.00|-1.00|-1.00|-1.00|-1.00|-1.00|-1.00|-1.00|0.03|1.00|8.00|8.00,MEIA_VOLTA,0.11
-1.00|0.00|-1.00|0.00|1.00|-1.00|-1.00|-1.00|-1.00|0.03|1.00|1.00|1.00,DIREITA,0.00
-1.00|0.00|-1.00|0.00|1.00|-1.00|-1.00|-1.00|-1.00|0.03|1.00|1.00|1.00,ESQUERDA,0.00
-1.00|0.00|-1.00|0.00|1.00|-1.00|-1.00|-1.00|-1.00|0.03|1.00|1.00|1.00,FRENTE,0.00
-1.00|0.00|-1.00|0.00|1.00|-1.00|-1.00|-1.00|-1.00|0.03|1.00|1.00|1.00,MEIA_VOLTA,-0.02
-1.00|-1.00|-1.00|0.00|1.00|-1.00|-1.00|-1.00|-1.00|0.03|1.00|8.00|1.00,DIREITA,0.00
-1.00|-1.00|-1.00|0.00|1.00|-1.00|-1.00|-1.00|-1.00|0.03|1.00|8.00|1.00,ESQUERDA,0.64
-1.00|-1.00|-1.00|0.00|1.00|-1.00|-1.00|-1.00|-1.00|0.03|1.00|8.00|1.00,FRENTE,0.00
-1.00|-1.00|-1.00|0.00|1.00|-1.00|-1.00|-1.00|-1.00|0.03|1.00|8.00|1.00,MEIA_VOLTA,0.00
-1.00|-1.00|-1.00|-1.00|-1.00|-1.00|0.00|1.00|-1.00|0.03|8.00|1.00|1.00,DIREITA,0.82
-1.00|-1.00|-1.00|-1.00|-1.00|-1.00|0.00|1.00|-1.00|0.03|8.00|1.00|1.00,ESQUERDA,0.00
-1.00|-1.00|-1.00|-1.00|-1.00|-1.00|0.00|1.00|-1.00|0.03|8.00|1.00|1.00,FRENTE,0.00
-1.00|-1.00|-1.00|-1.00|-1.00|-1.00|0.00|1.00|-1.00|0.03|8.00|1.00|1.00,MEIA_VOLTA,-0.02
-1.00|-1.00|-1.00|0.00|1.00|-1.00|-1.00|0.00|-1.00|0.00|8.00|1.00|1.00,DIREITA,0.00
-1.00|-1.00|-1.00|0.00|1.00|-1.00|-1.00|0.00|-1.00|0.00|8.00|1.00|1.00,ESQUERDA,-0.08
-1.00|-1.00|-1.00|0.00|1.00|-1.00|-1.00|0.00|-1.00|0.00|8.00|1.00|1.00,FRENTE,0.00
-1.00|-1.00|-1.00|0.00|1.00|-1.00|-1.00|0.00|-1.00|0.00|8.00|1.00|1.00,MEIA_VOLTA,0.00
-1.00|-1.00|-1.00|1.00|0.00|5.00|-1.00|-1.00|-1.00|0.01|8.00|1.00|1.00,DIREITA,0.00
-1.00|-1.00|-1.00|1.00|0.00|5.00|-1.00|-1.00|-1.00|0.01|8.00|1.00|1.00,ESQUERDA,7.71
-1.00|-1.00|-1.00|1.00|0.00|5.00|-1.00|-1.00|-1.00|0.01|8.00|1.00|1.00,FRENTE,0.00
-1.00|-1.00|-1.00|1.00|0.00|5.00|-1.00|-1.00|-1.00|0.01|8.00|1.00|1.00,MEIA_VOLTA,0.00
0.00|0.00|0.00|-1.00|-1.00|-1.00|-1.00|0.00|-1.00|0.01|8.00|1.00|8.00,DIREITA,0.00
0.00|0.00|0.00|-1.00|-1.00|-1.00|-1.00|0.00|-1.00|0.01|8.00|1.00|8.00,ESQUERDA,0.00
0.00|0.00|0.00|-1.00|-1.00|-1.00|-1.00|0.00|-1.00|0.01|8.00|1.00|8.00,FRENTE,7.35
0.00|0.00|0.00|-1.00|-1.00|-1.00|-1.00|0.00|-1.00|0.01|8.00|1.00|8.00,MEIA_VOLTA,4.21
1.00|0.00|5.00|-1.00|-1.00|-1.00|-1.00|-1.00|-1.00|0.02|8.00|8.00|1.00,DIREITA,0.00
1.00|0.00|5.00|-1.00|-1.00|-1.00|-1.00|-1.00|-1.00|0.02|8.00|8.00|1.00,ESQUERDA,0.00
1.00|0.00|5.00|-1.00|-1.00|-1.00|-1.00|-1.00|-1.00|0.02|8.00|8.00|1.00,FRENTE,3.12
1.00|0.00|5.00|-1.00|-1.00|-1.00|-1.00|-1.00|-1.00|0.02|8.00|8.00|1.00,MEIA_VOLTA,-0.02
-1.00|-1.00|-1.00|-1.00|-1.00|-1.00|1.00|0.00|5.00|0.02|1.00|1.00|8.00,DIREITA,0.00
-1.00|-1.00|-1.00|-1.00|-1.00|-1.00|1.00|0.00|5.00|0.02|1.00|1.00|8.00,ESQUERDA,0.00
-1.00|-1.00|-1.00|-1.00|-1.00|-1.00|1.00|0.00|5.00|0.02|1.00|1.00|8.00,FRENTE,2.11
-1.00|-1.00|-1.00|-1.00|-1.00|-1.00|1.00|0.00|5.00|0.02|1.00|1.00|8.00,MEIA_VOLTA,0.00
-1.00|-1.00|-1.00|-1.00|-1.00|-1.00|1.00|0.00|5.00|0.03|8.00|1.00|1.00,DIREITA,0.00
-1.00|-1.00|-1.00|-1.00|-1.00|-1.00|1.00|0.00|5.00|0.03|8.00|1.00|1.00,ESQUERDA,1.25
-1.00|-1.00|-1.00|-1.00|-1.00|-1.00|1.00|0.00|5.00|0.03|8.00|1.00|1.00,FRENTE,0.00
-1.00|-1.00|-1.00|-1.00|-1.00|-1.00|1.00|0.00|5.00|0.03|8.00|1.00|1.00,MEIA_VOLTA,-0.02
-1.00|0.00|-1.00|-1.00|-1.00|-1.00|0.00|0.00|0.00|0.03|1.00|1.00|1.00,DIREITA,111.95
-1.00|0.00|-1.00|-1.00|-1.00|-1.00|0.00|0.00|0.00|0.03|1.00|1.00|1.00,ESQUERDA,0.00
-1.00|0.00|-1.00|-1.00|-1.00|-1.00|0.00|0.00|0.00|0.03|1.00|1.00|1.00,FRENTE,0.00
-1.00|0.00|-1.00|-1.00|-1.00|-1.00|0.00|0.00|0.00|0.03|1.00|1.00|1.00,MEIA_VOLTA,0.00
-1.00|-1.00|-1.00|-1.00|-1.00|-1.00|0.00|1.00|-1.00|0.02|1.00|8.00|1.00,DIREITA,0.00
-1.00|-1.00|-1.00|-1.00|-1.00|-1.00|0.00|1.00|-1.00|0.02|1.00|8.00|1.00,ESQUERDA,0.00
-1.00|-1.00|-1.00|-1.00|-1.00|-1.00|0.00|1.00|-1.00|0.02|1.00|8.00|1.00,FRENTE,0.00
-1.00|-1.00|-1.00|-1.00|-1.00|-1.00|0.00|1.00|-1.00|0.02|1.00|8.00|1.00,MEIA_VOLTA,0.99
0.00|1.00|-1.00|0.00|0.00|0.00|-1.00|-1.00|-1.00|0.00|1.00|1.00|8.00,DIREITA,0.00
0.00|1.00|-1.00|0.00|0.00|0.00|-1.00|-1.00|-1.00|0.00|1.00|1.00|8.00,ESQUERDA,0.00
0.00|1.00|-1.00|0.00|0.00|0.00|-1.00|-1.00|-1.00|0.00|1.00|1.00|8.00,FRENTE,-2.04
0.00|1.00|-1.00|0.00|0.00|0.00|-1.00|-1.00|-1.00|0.00|1.00|1.00|8.00,MEIA_VOLTA,0.00
-1.00|0.00|-1.00|0.00|1.00|-1.00|-1.00|-1.00|-1.00|0.01|1.00|1.00|1.00,DIREITA,0.00
-1.00|0.00|-1.00|0.00|1.00|-1.00|-1.00|-1.00|-1.00|0.01|1.00|1.00|1.00,ESQUERDA,-0.10
-1.00|0.00|-1.00|0.00|1.00|-1.00|-1.00|-1.00|-1.00|0.01|1.00|1.00|1.00,FRENTE,0.00
-1.00|0.00|-1.00|0.00|1.00|-1.00|-1.00|-1.00|-1.00|0.01|1.00|1.00|1.00,MEIA_VOLTA,4.17
-1.00|-1.00|-1.00|0.00|1.00|-1.00|1.00|0.00|5.00|0.00|1.00|1.00|1.00,DIREITA,6.94
-1.00|-1.00|-1.00|0.00|1.00|-1.00|1.00|0.00|5.00|0.00|1.00|1.00|1.00,ESQUERDA,0.00
-1.00|-1.00|-1.00|0.00|1.00|-1.00|1.00|0.00|5.00|0.00|1.00|1.00|1.00,FRENTE,-0.05
-1.00|-1.00|-1.00|0.00|1.00|-1.00|1.00|0.00|5.00|0.00|1.00|1.00|1.00,MEIA_VOLTA,0.00
0.00|0.00|0.00|-1.00|-1.00|-1.00|-1.00|-1.00|-1.00|0.02|8.00|8.00|8.00,DIREITA,0.00
0.00|0.00|0.00|-1.00|-1.00|-1.00|-1.00|-1.00|-1.00|0.02|8.00|8.00|8.00,ESQUERDA,81.99
0.00|0.00|0.00|-1.00|-1.00|-1.00|-1.00|-1.00|-1.00|0.02|8.00|8.00|8.00,FRENTE,0.00
0.00|0.00|0.00|-1.00|-1.00|-1.00|-1.00|-1.00|-1.00|0.02|8.00|8.00|8.00,MEIA_VOLTA,0.00
-1.00|-1.00|-1.00|1.00|0.00|7.00|-1.00|-1.00|-1.00|0.00|8.00|1.00|1.00,DIREITA,0.08
-1.00|-1.00|-1.00|1.00|0.00|7.00|-1.00|-1.00|-1.00|0.00|8.00|1.00|1.00,ESQUERDA,0.00
-1.00|-1.00|-1.00|1.00|0.00|7.00|-1.00|-1.00|-1.00|0.00|8.00|1.00|1.00,FRENTE,20.03
-1.00|-1.00|-1.00|1.00|0.00|7.00|-1.00|-1.00|-1.00|0.00|8.00|1.00|1.00,MEIA_VOLTA,0.00
-1.00|-1.00|-1.00|-1.00|-1.00|-1.00|-1.00|0.00|-1.00|0.01|8.00|1.00|1.00,DIREITA,0.00
-1.00|-1.00|-1.00|-1.00|-1.00|-1.00|-1.00|0.00|-1.00|0.01|8.00|1.00|1.00,ESQUERDA,40.25
-1.00|-1.00|-1.00|-1.00|-1.00|-1.00|-1.00|0.00|-1.00|0.01|8.00|1.00|1.00,FRENTE,0.45
-1.00|-1.00|-1.00|-1.00|-1.00|-1.00|-1.00|0.00|-1.00|0.01|8.00|1.00|1.00,MEIA_VOLTA,0.00
-1.00|0.00|-1.00|-1.00|-1.00|-1.00|0.00|0.00|0.00|0.01|1.00|1.00|8.00,DIREITA,0.00
-1.00|0.00|-1.00|-1.00|-1.00|-1.00|0.00|0.00|0.00|0.01|1.00|1.00|8.00,ESQUERDA,0.00
-1.00|0.00|-1.00|-1.00|-1.00|-1.00|0.00|0.00|0.00|0.01|1.00|1.00|8.00,FRENTE,0.00
-1.00|0.00|-1.00|-1.00|-1.00|-1.00|0.00|0.00|0.00|0.01|1.00|1.00|8.00,MEIA_VOLTA,0.00
0.00|1.00|-1.00|-1.00|-1.00|-1.00|1.00|0.00|5.00|0.00|1.00|1.00|8.00,DIREITA,0.00
0.00|1.00|-1.00|-1.00|-1.00|-1.00|1.00|0.00|5.00|0.00|1.00|1.00|8.00,ESQUERDA,0.00
0.00|1.00|-1.00|-1.00|-1.00|-1.00|1.00|0.00|5.00|0.00|1.00|1.00|8.00,FRENTE,0.00
0.00|1.00|-1.00|-1.00|-1.00|-1.00|1.00|0.00|5.00|0.00|1.00|1.00|8.00,MEIA_VOLTA,-0.02
1.00|0.00|5.00|-1.00|-1.00|-1.00|0.00|1.00|-1.00|0.00|8.00|8.00|1.00,DIREITA,0.00
1.00|0.00|5.00|-1.00|-1.00|-1.00|0.00|1.00|-1.00|0.00|8.00|8.00|1.00,ESQUERDA,0.00
1.00|0.00|5.00|-1.00|-1.00|-1.00|0.00|1.00|-1.00|0.00|8.00|8.00|1.00,FRENTE,0.06
1.00|0.00|5.00|-1.00|-1.00|-1.00|0.00|1.00|-1.00|0.00|8.00|8.00|1.00,MEIA_VOLTA,0.00
1.00|0.00|5.00|-1.00|-1.00|-1.00|-1.00|-1.00|-1.00|0.00|8.00|8.00|8.00,DIREITA,0.00
1.00|0.00|5.00|-1.00|-1.00|-1.00|-1.00|-1.00|-1.00|0.00|8.00|8.00|8.00,ESQUERDA,0.00
1.00|0.00|5.00|-1.00|-1.00|-1.00|-1.00|-1.00|-1.00|0.00|8.00|8.00|8.00,FRENTE,0.00
1.00|0.00|5.00|-1.00|-1.00|-1.00|-1.00|-1.00|-1.00|0.00|8.00|8.00|8.00,MEIA_VOLTA,1.23
1.00|0.00|5.00|-1.00|-1.00|-1.00|-1.00|-1.00|-1.00|0.01|8.00|8.00|8.00,DIREITA,0.00
1.00|0.00|5.00|-1.00|-1.00|-1.00|-1.00|-1.00|-1.00|0.01|8.00|8.00|8.00,ESQUERDA,0.00
1.00|0.00|5.00|-1.00|-1.00|-1.00|-1.00|-1.00|-1.00|0.01|8.00|8.00|8.00,FRENTE,0.00
1.00|0.00|5.00|-1.00|-1.00|-1.00|-1.00|-1.00|-1.00|0.01|8.00|8.00|8.00,MEIA_VOLTA,-0.02
-1.00|-1.00|-1.00|-1.00|-1.00|-1.00|1.00|0.00|5.00|0.01|1.00|1.00|1.00,DIREITA,1.64
-1.00|-1.00|-1.00|-1.00|-1.00|-1.00|1.00|0.00|5.00|0.01|1.00|1.00|1.00,ESQUERDA,0.00
-1.00|-1.00|-1.00|-1.00|-1.00|-1.00|1.00|0.00|5.00|0.01|1.00|1.00|1.00,FRENTE,0.00
-1.00|-1.00|-1.00|-1.00|-1.00|-1.00|1.00|0.00|5.00|0.01|1.00|1.00|1.00,MEIA_VOLTA,0.00
-1.00|0.00|-1.00|-1.00|-1.00|-1.00|-1.00|-1.00|-1.00|0.02|1.00|1.00|8.00,DIREITA,0.00
-1.00|0.00|-1.00|-1.00|-1.00|-1.00|-1.00|-1.00|-1.00|0.02|1.00|1.00|8.00,ESQUERDA,0.00
-1.00|0.00|-1.00|-1.00|-1.00|-1.00|-1.00|-1.00|-1.00|0.02|1.00|1.00|8.00,FRENTE,0.00
-1.00|0.00|-1.00|-1.00|-1.00|-1.00|-1.00|-1.00|-1.00|0.02|1.00|1.00|8.00,MEIA_VOLTA,0.48
1.00|0.00|6.00|-1.00|-1.00|-1.00|-1.00|-1.00|-1.00|0.02|1.00|8.00|8.00,DIREITA,0.00
1.00|0.00|6.00|-1.00|-1.00|-1.00|-1.00|-1.00|-1.00|0.02|1.00|8.00|8.00,ESQUERDA,0.32
1.00|0.00|6.00|-1.00|-1.00|-1.00|-1.00|-1.00|-1.00|0.02|1.00|8.00|8.00,FRENTE,0.00
1.00|0.00|6.00|-1.00|-1.00|-1.00|-1.00|-1.00|-1.00|0.02|1.00|8.00|8.00,MEIA_VOLTA,0.00
-1.00|0.00|-1.00|-1.00|-1.00|-1.00|0.00|1.00|-1.00|0.04|1.00|1.00|1.00,DIREITA,0.00
-1.00|0.00|-1.00|-1.00|-1.00|-1.00|0.00|1.00|-1.00|0.04|1.00|1.00|1.00,ESQUERDA,0.00
-1.00|0.00|-1.00|-1.00|-1.00|-1.00|0.00|1.00|-1.00|0.04|1.00|1.00|1.00,FRENTE,0.00
-1.00|0.00|-1.00|-1.00|-1.00|-1.00|0.00|1.00|-1.00|0.04|1.00|1.00|1.00,MEIA_VOLTA,-0.02
0.00|1.00|-1.00|-1.00|-1.00|-1.00|-1.00|0.00|-1.00|0.04|8.00|8.00|8.00,DIREITA,0.00
0.00|1.00|-1.00|-1.00|-1.00|-1.00|-1.00|0.00|-1.00|0.04|8.00|8.00|8.00,ESQUERDA,-0.07
0.00|1.00|-1.00|-1.00|-1.00|-1.00|-1.00|0.00|-1.00|0.04|8.00|8.00|8.00,FRENTE,0.00
0.00|1.00|-1.00|-1.00|-1.00|-1.00|-1.00|0.00|-1.00|0.04|8.00|8.00|8.00,MEIA_VOLTA,0.00
-1.00|-1.00|-1.00|0.00|1.00|-1.00|-1.00|-1.00|-1.00|0.04|1.00|1.00|1.00,DIREITA,-0.07
-1.00|-1.00|-1.00|0.00|1.00|-1.00|-1.00|-1.00|-1.00|0.04|1.00|1.00|1.00,ESQUERDA,-0.05
-1.00|-1.00|-1.00|0.00|1.00|-1.00|-1.00|-1.00|-1.00|0.04|1.00|1.00|1.00,FRENTE,0.00
-1.00|-1.00|-1.00|0.00|1.00|-1.00|-1.00|-1.00|-1.00|0.04|1.00|1.00|1.00,MEIA_VOLTA,0.00
1.00|0.00|5.00|-1.00|-1.00|-1.00|-1.00|-1.00|-1.00|0.04|1.00|8.00|8.00,DIREITA,-0.05
1.00|0.00|5.00|-1.00|-1.00|-1.00|-1.00|-1.00|-1.00|0.04|1.00|8.00|8.00,ESQUERDA,0.00
1.00|0.00|5.00|-1.00|-1.00|-1.00|-1.00|-1.00|-1.00|0.04|1.00|8.00|8.00,FRENTE,-0.05
1.00|0.00|5.00|-1.00|-1.00|-1.00|-1.00|-1.00|-1.00|0.04|1.00|8.00|8.00,MEIA_VOLTA,0.00
-1.00|-1.00|-1.00|-1.00|-1.00|-1.00|1.00|0.00|5.00|0.04|8.00|1.00|1.00,DIREITA,0.00
-1.00|-1.00|-1.00|-1.00|-1.00|-1.00|1.00|0.00|5.00|0.04|8.00|1.00|1.00,ESQUERDA,0.00
-1.00|-1.00|-1.00|-1.00|-1.00|-1.00|1.00|0.00|5.00|0.04|8.00|1.00|1.00,FRENTE,-0.07
-1.00|-1.00|-1.00|-1.00|-1.00|-1.00|1.00|0.00|5.00|0.04|8.00|1.00|1.00,MEIA_VOLTA,0.00
-1.00|-1.00|-1.00|-1.00|-1.00|-1.00|0.00|0.00|0.00|0.04|1.00|8.00|8.00,DIREITA,148.23
-1.00|-1.00|-1.00|-1.00|-1.00|-1.00|0.00|0.00|0.00|0.04|1.00|8.00|8.00,ESQUERDA,0.00
-1.00|-1.00|-1.00|-1.00|-1.00|-1.00|0.00|0.00|0.00|0.04|1.00|8.00|8.00,FRENTE,0.00
-1.00|-1.00|-1.00|-1.00|-1.00|-1.00|0.00|0.00|0.00|0.04|1.00|8.00|8.00,MEIA_VOLTA,0.00
0.00|0.00|0.00|0.00|1.00|-1.00|-1.00|0.00|-1.00|0.01|8.00|1.00|1.00,DIREITA,0.00
0.00|0.00|0.00|0.00|1.00|-1.00|-1.00|0.00|-1.00|0.01|8.00|1.00|1.00,ESQUERDA,0.00
0.00|0.00|0.00|0.00|1.00|-1.00|-1.00|0.00|-1.00|0.01|8.00|1.00|1.00,FRENTE,0.00
0.00|0.00|0.00|0.00|1.00|-1.00|-1.00|0.00|-1.00|0.01|8.00|1.00|1.00,MEIA_VOLTA,0.00
0.00|0.00|0.00|0.00|1.00|-1.00|-1.00|-1.00|-1.00|0.01|8.00|1.00|1.00,DIREITA,0.00
0.00|0.00|0.00|0.00|1.00|-1.00|-1.00|-1.00|-1.00|0.01|8.00|1.00|1.00,ESQUERDA,0.00
0.00|0.00|0.00|0.00|1.00|-1.00|-1.00|-1.00|-1.00|0.01|8.00|1.00|1.00,FRENTE,0.00
0.00|0.00|0.00|0.00|1.00|-1.00|-1.00|-1.00|-1.00|0.01|8.00|1.00|1.00,MEIA_VOLTA,0.00
-1.00|-1.00|-1.00|1.00|0.00|6.00|0.00|1.00|-1.00|0.00|8.00|1.00|1.00,DIREITA,0.00
-1.00|-1.00|-1.00|1.00|0.00|6.00|0.00|1.00|-1.00|0.00|8.00|1.00|1.00,ESQUERDA,0.00
-1.00|-1.00|-1.00|1.00|0.00|6.00|0.00|1.00|-1.00|0.00|8.00|1.00|1.00,FRENTE,0.00
-1.00|-1.00|-1.00|1.00|0.00|6.00|0.00|1.00|-1.00|0.00|8.00|1.00|1.00,MEIA_VOLTA,0.00
-1.00|-1.00|-1.00|-1.00|-1.00|-1.00|1.00|0.00|5.00|0.01|8.00|1.00|8.00,DIREITA,0.00
-1.00|-1.00|-1.00|-1.00|-1.00|-1.00|1.00|0.00|5.00|0.01|8.00|1.00|8.00,ESQUERDA,0.00
-1.00|-1.00|-1.00|-1.00|-1.00|-1.00|1.00|0.00|5.00|0.01|8.00|1.00|8.00,FRENTE,0.00
-1.00|-1.00|-1.00|-1.00|-1.00|-1.00|1.00|0.00|5.00|0.01|8.00|1.00|8.00,MEIA_VOLTA,1.54
-1.00|-1.00|-1.00|0.00|1.00|-1.00|0.00|0.00|0.00|0.01|1.00|1.00|1.00,DIREITA,0.00
-1.00|-1.00|-1.00|0.00|1.00|-1.00|0.00|0.00|0.00|0.01|1.00|1.00|1.00,ESQUERDA,13.14
-1.00|-1.00|-1.00|0.00|1.00|-1.00|0.00|0.00|0.00|0.01|1.00|1.00|1.00,FRENTE,0.00
-1.00|-1.00|-1.00|0.00|1.00|-1.00|0.00|0.00|0.00|0.01|1.00|1.00|1.00,MEIA_VOLTA,0.00
-1.00|-1.00|-1.00|1.00|0.00|5.00|-1.00|-1.00|-1.00|0.03|1.00|1.00|8.00,DIREITA,0.00
-1.00|-1.00|-1.00|1.00|0.00|5.00|-1.00|-1.00|-1.00|0.03|1.00|1.00|8.00,ESQUERDA,0.00
-1.00|-1.00|-1.00|1.00|0.00|5.00|-1.00|-1.00|-1.00|0.03|1.00|1.00|8.00,FRENTE,0.00
-1.00|-1.00|-1.00|1.00|0.00|5.00|-1.00|-1.00|-1.00|0.03|1.00|1.00|8.00,MEIA_VOLTA,0.67
-1.00|-1.00|-1.00|0.00|1.00|-1.00|1.00|0.00|7.00|0.00|8.00|1.00|1.00,DIREITA,0.00
-1.00|-1.00|-1.00|0.00|1.00|-1.00|1.00|0.00|7.00|0.00|8.00|1.00|1.00,ESQUERDA,0.00
-1.00|-1.00|-1.00|0.00|1.00|-1.00|1.00|0.00|7.00|0.00|8.00|1.00|1.00,FRENTE,0.00
-1.00|-1.00|-1.00|0.00|1.00|-1.00|1.00|0.00|7.00|0.00|8.00|1.00|1.00,MEIA_VOLTA,0.00
-1.00|-1.00|-1.00|0.00|0.00|0.00|0.00|1.00|-1.00|0.00|1.00|1.00|1.00,DIREITA,0.00
-1.00|-1.00|-1.00|0.00|0.00|0.00|0.00|1.00|-1.00|0.00|1.00|1.00|1.00,ESQUERDA,0.52
-1.00|-1.00|-1.00|0.00|0.00|0.00|0.00|1.00|-1.00|0.00|1.00|1.00|1.00,FRENTE,0.00
-1.00|-1.00|-1.00|0.00|0.00|0.00|0.00|1.00|-1.00|0.00|1.00|1.00|1.00,MEIA_VOLTA,0.00
0.00|1.00|-1.00|-1.00|-1.00|-1.00|1.00|0.00|5.00|0.00|8.00|1.00|8.00,DIREITA,0.00
0.00|1.00|-1.00|-1.00|-1.00|-1.00|1.00|0.00|5.00|0.00|8.00|1.00|8.00,ESQUERDA,0.37
0.00|1.00|-1.00|-1.00|-1.00|-1.00|1.00|0.00|5.00|0.00|8.00|1.00|8.00,FRENTE,0.00
0.00|1.00|-1.00|-1.00|-1.00|-1.00|1.00|0.00|5.00|0.00|8.00|1.00|8.00,MEIA_VOLTA,0.00
0.00|0.00|0.00|-1.00|-1.00|-1.00|-1.00|0.00|-1.00|0.01|8.00|8.00|1.00,DIREITA,0.00
0.00|0.00|0.00|-1.00|-1.00|-1.00|-1.00|0.00|-1.00|0.01|8.00|8.00|1.00,ESQUERDA,0.00
0.00|0.00|0.00|-1.00|-1.00|-1.00|-1.00|0.00|-1.00|0.01|8.00|8.00|1.00,FRENTE,5.11
0.00|0.00|0.00|-1.00|-1.00|-1.00|-1.00|0.00|-1.00|0.01|8.00|8.00|1.00,MEIA_VOLTA,0.00
-1.00|-1.00|-1.00|1.00|0.00|7.00|-1.00|-1.00|-1.00|0.00|1.00|1.00|8.00,DIREITA,0.00
-1.00|-1.00|-1.00|1.00|0.00|7.00|-1.00|-1.00|-1.00|0.00|1.00|1.00|8.00,ESQUERDA,0.00
-1.00|-1.00|-1.00|1.00|0.00|7.00|-1.00|-1.00|-1.00|0.00|1.00|1.00|8.00,FRENTE,0.00
-1.00|-1.00|-1.00|1.00|0.00|7.00|-1.00|-1.00|-1.00|0.00|1.00|1.00|8.00,MEIA_VOLTA,0.48